Weather,Time of Day (minutes),Number of People
Rainy,6658.817095084044,20
Cloudy,9310.224851578374,12
Snowy,2393.1678737162492,17
Sunny,9908.290748306888,5
Snowy,3515.704785099599,32
Cloudy,2075.710695498295,9
Snowy,1288.516613582661,35
Sunny,996.2765024950472,19
Snowy,6310.989221063417,147
Sunny,3795.3216156909475,13
Rainy,1993.1696305875134,118
Cloudy,4872.337288714707,63
Sunny,2247.1064177637722,13
Sunny,4351.219111923193,12
Snowy,1539.0295802953083,28
Rainy,6277.57648947325,95
Sunny,6115.380796679608,9
Rainy,3713.1290397342987,14
Rainy,1833.111332812364,23
Snowy,1651.570667519295,33
Sunny,7007.633556811759,21
Snowy,2078.720531824847,86
Cloudy,2184.3101536876525,99
Cloudy,207.09065296315555,13
Sunny,3404.0222191709345,110
Rainy,3639.932132295552,26
Sunny,6065.642312127971,10
Sunny,2295.2512866044417,13
Cloudy,1943.7700716292302,22
Cloudy,6374.99025007442,18
Rainy,6263.385619597417,37
Rainy,2826.8201464232175,22
Sunny,3595.140999094344,104
Snowy,1779.224065575876,21
Sunny,8216.116168357148,20
Rainy,280.496286010432,33
Snowy,7995.190894201712,14
Cloudy,5774.518755403281,21
Rainy,3121.853022396565,26
Rainy,790.8700449128845,22
Snowy,3865.8479687983477,13
Rainy,3661.6925812283894,31
Rainy,678.3666183402335,37
Rainy,6371.602669587856,35
Rainy,8827.732083467727,20
Rainy,4780.856084977905,18
Rainy,6314.170042454476,155
Rainy,1100.5640014388096,30
Rainy,3723.702584244646,32
Cloudy,85.30554406941576,21
Rainy,5156.670228982126,24
Cloudy,7781.370379050126,20
Cloudy,6236.3080798898545,16
Sunny,940.2034639827125,9
Sunny,2531.159828098542,15
Cloudy,5375.260842881831,6
Cloudy,3297.88169163985,22
Rainy,6368.683544693563,30
Sunny,6599.2548353052825,28
Snowy,5391.196245764049,19
Sunny,1987.4972743756957,121
Cloudy,2093.162768401026,27
Cloudy,321.7194093578298,35
Rainy,1729.3656153309585,21
Rainy,3892.5092960619113,25
Sunny,6968.2464102854965,25
Rainy,6454.076356231079,211
Snowy,1081.2718432411286,31
Snowy,2290.1889690171483,38
Rainy,487.75688834215526,38
Snowy,850.102417983029,26
Snowy,7033.693163927749,32
Sunny,707.1026259204175,112
Snowy,4163.271716093042,29
Cloudy,0.0,16
Cloudy,8215.88490157508,14
Sunny,5071.336944565742,10
Rainy,2052.3573538322876,30
Sunny,3633.033879552781,20
Rainy,5764.4751907436785,38
Rainy,9280.918120378496,17
Rainy,2288.5605257442285,34
Rainy,8452.041856106945,18
Rainy,7733.422721421487,90
Sunny,7628.942302958452,18
Rainy,4859.367464309567,74
Snowy,5369.544762372747,17
Snowy,3718.3503994774865,33
Rainy,6289.286326643866,118
Snowy,3784.776275920808,26
Cloudy,6514.947917765295,27
Sunny,3948.71219659184,9
Sunny,6227.260886204153,18
Rainy,6362.041627224804,18
Rainy,578.8410648724232,24
Cloudy,5953.134618672438,13
Rainy,3706.6032997432476,13
Snowy,6573.97989798476,42
Cloudy,3601.840844391286,135
Snowy,2075.548631984947,27
Sunny,7410.466532861851,10
Snowy,2008.5676838044708,118
Sunny,6356.622774050363,10
Snowy,3311.1801830802174,25
Sunny,3541.9371438002368,10
Rainy,2305.4583084532337,31
Snowy,5719.026924435791,14
Sunny,2222.8480126194618,25
Snowy,812.7181406601952,36
Cloudy,2133.19947032418,97
Rainy,29.242362492345023,53
Sunny,9350.455004838283,64
Cloudy,9381.68287557877,79
Snowy,2880.0,79
Cloudy,6410.750052678796,13
Snowy,2268.5570432401005,36
Rainy,6467.503762906113,173
Cloudy,6059.275906456968,18
Rainy,8331.416213225408,104
Sunny,3870.6958917672387,13
Snowy,6764.771500935497,23
Snowy,1832.620516273894,29
Rainy,9865.005951936995,21
Rainy,215.33361739477886,38
Sunny,5251.268553768097,15
Cloudy,7200.0,16
Snowy,6123.406922952952,26
Snowy,516.1328173430021,147
Sunny,7955.874491431551,16
Sunny,538.7487645181683,81
Rainy,4481.761164816192,23
Rainy,2184.68267093017,175
Cloudy,1777.5706630586023,27
Sunny,3770.4932750286653,10
Cloudy,3269.007275675831,10
Sunny,1277.9763858063143,13
Snowy,438.02881475895464,31
Sunny,3484.057854165957,8
Sunny,6772.866198253081,28
Snowy,7476.888846083776,28
Sunny,801.8855764574866,19
Cloudy,2630.571391541674,28
Rainy,141.30603555795813,20
Rainy,786.4681890716295,21
Cloudy,6573.557805929432,7
Snowy,5321.456233839832,22
Sunny,274.6977440838905,13
Cloudy,1684.6356192896606,16
Rainy,907.8989636220831,28
Rainy,6586.914482363947,40
Cloudy,9450.177426124515,10
Rainy,844.7213554189112,28
Cloudy,1915.1911002317433,13
Rainy,8003.611330977961,28
Cloudy,8025.506090387526,12
Sunny,3342.8334895105077,18
Sunny,1391.6788240121123,27
Sunny,890.5798515282436,7
Sunny,4611.130741007047,12
Rainy,2396.3592991081787,16
Snowy,369.1145987181643,39
Cloudy,5323.350457347283,8
Snowy,1137.0944084426656,134
Rainy,6184.554365393385,22
Rainy,2506.815406527956,29
Snowy,868.6011336971394,35
Snowy,5335.941657598017,21
Rainy,2842.845473755421,25
Rainy,9271.660278238967,13
Cloudy,3328.654980831304,13
Sunny,1839.7748053348116,21
Sunny,6186.308297412443,22
Cloudy,2132.2433846109225,175
Snowy,8042.814710933992,34
Rainy,2259.608687758807,33
Snowy,3897.7859696529686,27
Sunny,724.6806810760465,156
Sunny,4123.272267776634,8
Snowy,6384.723540034336,29
Sunny,7200.0,18
Rainy,2385.240245195402,21
Cloudy,1851.4232796901383,26
Snowy,6094.478700698,29
Rainy,8093.690069487547,24
Rainy,639.5533972826937,30
Sunny,3857.040177873153,8
Rainy,2330.365544846476,35
Snowy,7893.781591443526,99
Rainy,415.1542614953742,22
Cloudy,1614.6549991130887,12
Rainy,6319.254617255872,134
Rainy,1028.30356595645,70
Cloudy,3677.073747886873,18
Rainy,3151.5340396636843,19
Rainy,2222.3451333064254,24
Sunny,2298.714256702381,24
Snowy,3281.811322967592,29
Sunny,775.3410381403901,15
Snowy,5060.95513864056,74
Cloudy,6068.530692780976,27
Cloudy,6608.803449725382,13
Cloudy,921.8824294925644,24
Snowy,1109.8984475430998,20
Snowy,2539.3687387325654,27
Snowy,1664.0390275354473,31
Cloudy,3262.3829856305556,10
Snowy,6665.412696195118,31
Rainy,904.9629423283952,31
Sunny,905.4171670701772,18
Cloudy,2880.0,22
Sunny,6685.52058384954,18
Rainy,1128.8036304650157,82
Snowy,5383.440634857553,16
Sunny,2394.5008504700872,19
Rainy,7806.5030719294755,27
Rainy,8193.228919377576,19
Sunny,1881.7829227664743,25
Cloudy,2074.745301573597,19
Sunny,3425.269122781523,62
Cloudy,2189.474690179076,174
Snowy,7200.0,19
Cloudy,5807.784530666971,7
Snowy,6727.053668534825,29
Sunny,5899.422286371725,12
Snowy,1990.104528315804,122
Rainy,1112.0222149082517,142
Snowy,6503.140806874367,176
Cloudy,1772.01187994545,13
Cloudy,6222.490664666411,25
Cloudy,2404.6551896164833,19
Snowy,457.06801258183077,23
Cloudy,9437.92509224951,8
Cloudy,736.405862365373,171
Rainy,9125.423874861906,23
Snowy,10080.0,28
Rainy,6708.210848034484,41
Cloudy,5760.0,13
Cloudy,5107.123553316994,5
Cloudy,7681.756872683381,13
Snowy,2466.8760005266404,17
Sunny,3314.6925341642277,16
Cloudy,4998.694881071917,4
Cloudy,3781.7954204329644,16
Cloudy,3911.6718699012436,9
Cloudy,1727.8932934599206,18
Snowy,4919.579555097259,29
Sunny,7749.019687982056,93
Sunny,1924.8014762734638,24
Sunny,8555.563526501195,19
Cloudy,6625.793415945944,15
Cloudy,6026.081776439384,18
Sunny,5370.430300939719,14
Sunny,7200.0,18
Cloudy,1091.6874937984128,25
Cloudy,5933.026812256555,16
Rainy,545.6757337681495,99
Rainy,8376.088013707184,27
Rainy,9105.238992377239,15
Sunny,2319.774994132642,16
Snowy,2438.8682592345613,27
Cloudy,6146.30503023189,18
Rainy,2138.570871817752,155
Snowy,7200.0,21
Cloudy,351.22044911965565,24
Snowy,629.0754654984623,26
Sunny,8910.798054492654,8
Sunny,7067.668069415389,18
Sunny,5965.149103934173,7
Rainy,2001.583984789086,106
Cloudy,6527.066607822993,23
Sunny,5558.858384063802,5
Rainy,4523.089625575401,23
Rainy,6898.738950775785,83
Rainy,5043.6839019670515,158
Rainy,3246.6568856227377,26
Sunny,2326.3572507347776,27
Rainy,6551.661490406449,31
Sunny,1943.921924222834,61
Sunny,6505.1287505964065,100
Rainy,2021.2871051297664,31
Sunny,5080.86624429045,5
Cloudy,6718.367042827576,24
Cloudy,2730.9660538123267,13
Snowy,274.38642042233437,35
Cloudy,1440.0,28
Sunny,4337.2483921718995,13
Sunny,6425.35736578719,25
Cloudy,931.7941943344475,7
Rainy,6581.157072384612,42
Rainy,1935.8281728645861,31
Sunny,3525.075989871381,22
Rainy,7742.51966352282,75
Snowy,1947.8286875000838,54
Snowy,3905.856754927569,25
Cloudy,848.525574947417,13
Cloudy,470.5525457061645,19
Rainy,2483.85595515597,35
Sunny,830.6278275155794,9
Cloudy,5332.630362782025,12
Snowy,3826.6663830925004,33
Cloudy,3301.561796068054,12
Cloudy,518.334825529091,76
Snowy,2429.025697844374,32
Sunny,6699.733295556047,18
Cloudy,9352.475426172907,60
Cloudy,762.2378579911615,24
Cloudy,8379.959362483833,8
Rainy,4827.0343000191015,38
Cloudy,5236.955057221214,8
Snowy,3527.2106451237983,26
Sunny,641.6347668382007,19
Sunny,1115.5596667153884,123
Snowy,5337.14988563569,16
Rainy,2452.86346896023,34
Snowy,8389.972370575559,33
Sunny,3607.5613829877934,80
Snowy,965.503069666187,17
Rainy,6368.303967626356,34
Sunny,2276.699886895839,16
Rainy,3553.1485004276337,22
Snowy,6514.9185473973785,42
Cloudy,8134.256529157289,9
Snowy,6185.44055403595,39
Rainy,7200.0,18
Snowy,6117.833742660107,39
Cloudy,7482.892099396417,12
Rainy,2576.9199144600243,143
Snowy,1004.9985698266569,37
Rainy,2384.683134138776,57
Rainy,2386.204383335141,23
Sunny,6475.591161775111,121
Sunny,4716.9884262651,4
Rainy,5067.289640949742,67
Snowy,476.2217838556398,15
Snowy,6831.04310403039,35
Snowy,2107.05934265923,31
Cloudy,6182.821009154696,19
Rainy,4924.301097004923,18
Rainy,2308.655323539225,33
Cloudy,517.0591609905691,99
Rainy,424.0006575960847,33
Rainy,6567.727396137088,25
Cloudy,8008.18796559914,10
Sunny,4857.5004568663935,71
Rainy,550.4262099774038,126
Cloudy,3683.537977448749,15
Snowy,5958.689637060963,20
Sunny,5973.31304122444,19
Snowy,461.36008034912305,27
Rainy,643.159025383735,20
Sunny,6591.926723615282,19
Cloudy,2691.1282381018386,7
Rainy,2468.757464352727,32
Cloudy,662.4221292131663,7
Sunny,3593.154165155032,112
Snowy,7559.089428730389,19
Rainy,9353.335271042739,64
Rainy,4936.08288998875,20
Cloudy,3716.178681721712,14
Sunny,422.19686032116374,16
Cloudy,3786.964745126822,13
Sunny,2711.786008680928,21
Rainy,5000.846346555531,13
Sunny,2304.616219955619,21
Rainy,2408.4518370160004,29
Sunny,575.5606301210989,7
Snowy,2240.67329345175,24
Sunny,724.5332642814461,91
Snowy,755.1633954775795,48
Sunny,9081.716477812031,11
Sunny,3608.8236627332194,82
Cloudy,3779.279384848362,35
Cloudy,8442.411698806216,13
Rainy,9705.337497390674,17
Cloudy,5760.0,8
Sunny,6203.754877360302,16
Cloudy,2474.0354292194443,28
Sunny,2226.0031220658066,28
Snowy,4320.0,20
Sunny,6189.012617272146,15
Rainy,6177.70013681492,34
Snowy,1944.218647640152,16
Rainy,0.0,34
Rainy,4850.728192194926,55
Rainy,446.71224184066875,41
Cloudy,5094.141763131434,13
Rainy,6603.032151279777,30
Snowy,7155.421502117719,37
Sunny,6822.152581746978,19
Rainy,7712.314683961535,71
Snowy,3276.570718314591,16
Rainy,6657.090901742342,25
Sunny,4564.716045472569,9
Snowy,1379.3251557075673,32
Snowy,1144.5984434596633,99
Sunny,1991.0967652423062,82
Snowy,2983.271569527284,19
Sunny,5527.394054699549,8
Snowy,6438.765655709058,23
Snowy,1165.6138723104464,78
Sunny,146.00604283402788,9
Sunny,9144.224991736643,8
Snowy,721.8877318985459,172
Snowy,3616.913013755307,135
Sunny,4877.976430267472,74
Cloudy,3824.2259756450994,20
Sunny,335.656645422266,7
Snowy,668.7433853923343,21
Snowy,763.3064274162836,33
Snowy,5225.1979802611495,14
Sunny,3856.1813561120002,10
Snowy,1755.1288469383671,32
Cloudy,4487.718898535176,12
Rainy,6939.963655883463,15
Cloudy,839.633044312653,18
Sunny,3330.5448468396407,16
Snowy,7038.414711188108,33
Sunny,2201.642868345429,15
Rainy,2584.5469862629775,114
Sunny,5064.306653307639,48
Snowy,8640.0,12
Rainy,7111.922703279553,29
Rainy,4950.372906547534,27
Snowy,6829.765542343568,33
Snowy,2392.335341850653,37
Snowy,5532.707360711645,15
Sunny,3252.6275541911623,21
Cloudy,966.9785255994382,24
Sunny,6861.032815265851,21
Sunny,4406.853784887679,12
Cloudy,1734.026935440321,25
Snowy,7200.0,25
Snowy,623.0135395999592,29
Cloudy,2418.315212086546,13
Cloudy,1260.8485387545702,13
Sunny,6506.674120951119,165
Rainy,7066.301596405665,67
Cloudy,1663.1634750426392,15
Sunny,5866.782321832145,18
Rainy,2140.0028283972174,181
Snowy,6618.263561618151,32
Snowy,3588.2298906861265,135
Sunny,2880.0,16
Sunny,7887.916785775396,21
Cloudy,1690.3909798182528,18
Snowy,961.0821175788138,17
Sunny,5171.975368594865,11
Snowy,9021.643276922152,20
Snowy,1975.0079097587904,150
Cloudy,338.6831321199774,13
Rainy,2137.435524981658,100
Cloudy,3943.851235380446,8
Sunny,365.13862331920427,13
Cloudy,6661.4567455864235,7
Cloudy,9169.107257385922,67
Snowy,3314.565780385556,30
Cloudy,2121.469070416359,10
Sunny,3227.312763929025,14
Rainy,520.6862500750144,146
Cloudy,7488.763958668014,9
Cloudy,4307.3010478499,14
Rainy,2172.694878709822,163
Sunny,6228.098817122669,24
Sunny,3677.03276786432,15
Cloudy,4999.561902111302,5
Snowy,640.4509441680398,30
Cloudy,6701.100012015633,18
Rainy,8192.70277561703,21
Rainy,4849.01958686021,84
Rainy,9152.705433367915,76
Cloudy,620.9813890254081,27
Cloudy,2880.0,19
Sunny,4494.531217608521,7
Snowy,5532.074736280028,21
Cloudy,4192.188376860462,22
Sunny,2070.3470257597037,25
Cloudy,927.5605067000758,10
Sunny,2272.050055635673,15
Sunny,1440.0,19
Snowy,6883.046968116448,100
Cloudy,2113.949667066924,21
Sunny,376.00544138384674,14
Rainy,4461.679324707274,21
Rainy,5113.2469089122005,26
Rainy,7647.7137316976505,21
Snowy,4527.988664544837,27
Sunny,1927.2337616726904,12
Snowy,6090.642718698818,26
Cloudy,4207.370988626123,12
Cloudy,1037.3903125018023,12
Sunny,5037.129849126018,85
Rainy,8452.779890000409,24
Sunny,2187.8525907531425,154
Sunny,1849.937687521825,28
Sunny,1268.3246678170767,25
Snowy,914.0076157264771,37
Cloudy,3226.591384442476,22
Sunny,4971.478075889901,7
Sunny,404.7774287814874,15
Sunny,7422.192096852839,19
Snowy,6813.423917111391,21
Snowy,5727.389990569247,24
Snowy,5976.5156734251095,27
Sunny,922.6689252086055,9
Rainy,3365.7686751161423,14
Rainy,4864.634861844709,73
Rainy,6266.738187274007,31
Cloudy,6168.963322915266,13
Sunny,2177.4677860601378,114
Rainy,7620.857958092027,26
Rainy,817.3644572807419,28
Rainy,7901.914280598311,86
Sunny,9273.978703128092,4
Rainy,393.27708166502475,20
Rainy,6272.3623209954,138
Sunny,991.9408412972722,22
Cloudy,3780.330187544777,15
Snowy,3248.0801118725217,29
Rainy,5075.759629954521,16
Snowy,8190.499364413844,27
Cloudy,5879.014098796306,19
Cloudy,3795.6096692567767,16
Rainy,6241.455446779495,27
Sunny,9565.415520693537,10
Cloudy,445.22670364469394,10
Snowy,8710.242443760773,22
Snowy,134.08472236206148,16
Snowy,6497.310580798097,185
Snowy,2253.5001006197335,32
Cloudy,394.4460149624129,22
Rainy,3829.8932851598547,27
Rainy,4441.852777583174,16
Snowy,2136.2112724869658,172
Rainy,284.0341680855156,32
Snowy,4805.339001191222,21
Snowy,7937.063521673909,100
Sunny,1850.251188497777,24
Cloudy,2021.5600040772629,27
Cloudy,3962.2654113171984,20
Snowy,512.3189269716664,160
Cloudy,6780.849160343451,16
Rainy,6073.3055323232575,24
Snowy,5230.729504049502,15
Sunny,2678.964703436844,25
Rainy,5760.0,25
Sunny,4753.117708030628,15
Sunny,6687.745965784994,22
Cloudy,4966.903661024523,13
Cloudy,6613.612514413671,7
Snowy,4822.565332782305,29
Cloudy,3631.172323490244,37
Sunny,9303.956195258852,4
Sunny,4020.401542197531,105
Rainy,5131.591503588436,20
Sunny,2281.536958347073,15
Snowy,4891.724292195911,15
Snowy,4864.461759333903,69
Cloudy,564.2790523849364,76
Cloudy,862.0027712561869,15
Cloudy,4888.445586904705,44
Snowy,6584.318948482709,21
Sunny,4320.0,20
Cloudy,2473.6048932354092,13
Rainy,6362.631528419577,27
Cloudy,1152.43701197902,88
Snowy,3453.0928657122413,20
Cloudy,0.0,19
Sunny,357.08892806973455,7
Cloudy,1486.514908430692,15
Snowy,2033.455145745129,71
Snowy,726.6306165082386,150
Rainy,2763.5174324191016,40
Snowy,3717.6938545550984,24
Rainy,3521.123809628809,27
Sunny,2458.5860092260564,15
Snowy,5760.0,36
Cloudy,804.8212409190837,19
Sunny,3877.511469799308,18
Cloudy,187.70895151925708,28
Cloudy,1131.7514555544944,253
Cloudy,5161.858706697989,6
Sunny,4890.4963509957115,4
Sunny,8147.801471798262,8
Snowy,5760.0,18
Cloudy,9425.471851821057,8
Rainy,809.359411068121,37
Snowy,554.6300761655122,149
Sunny,414.05602699267496,10
Rainy,1018.9208939559285,16
Sunny,3291.809822672808,14
Rainy,5065.763845398981,61
Snowy,548.0433191645579,119
Rainy,8092.432737268701,21
Snowy,6600.118357903301,24
Sunny,2533.5143799328434,28
Rainy,536.3940964122911,91
Cloudy,622.8450232943864,7
Cloudy,367.64506231836936,9
Sunny,560.0544263725999,105
Rainy,3735.828177496147,23
Cloudy,2432.5159019923267,13
Snowy,1828.0204832960549,34
Rainy,9673.058131238038,13
Rainy,6968.029629169782,30
Cloudy,8068.836565160533,22
Snowy,1395.6464925209038,39
Snowy,1881.4358883227137,30
Snowy,4591.9243068078895,22
Rainy,79.66071039445967,36
Sunny,1258.575952136106,22
Rainy,6715.571636287461,27
Rainy,5019.989518472236,82
Cloudy,3700.7887054751354,13
Sunny,3194.8239429725845,9
Snowy,4320.0,13
Cloudy,766.5196255110819,10
Rainy,2199.3821260577615,38
Sunny,981.2759846035291,10
Snowy,893.1633234252167,23
Snowy,9440.598248740487,18
Rainy,4755.429196039688,23
Snowy,6649.728608568958,48
Snowy,2837.528818731012,17
Sunny,2644.351216615792,22
Cloudy,2733.547185590183,27
Sunny,535.9623564847734,81
Cloudy,363.7422647069109,21
Cloudy,6434.716708764126,21
Cloudy,6500.06096842393,120
Snowy,3993.9089466495416,79
Sunny,2990.712733302665,21
Snowy,8470.63811500582,49
Rainy,663.1171565115638,24
Sunny,2006.3228148189287,75
Cloudy,1795.6424249063398,9
Snowy,5884.251598128323,34
Snowy,9656.341410226289,16
Sunny,2186.3944681878256,133
Sunny,7455.61407609322,16
Cloudy,6013.771642057098,15
Cloudy,2039.1175082555537,22
Rainy,2760.8477491041813,21
Cloudy,3506.547113509102,18
Snowy,8818.868536877482,22
Rainy,631.53249692906,15
Rainy,6381.819514890839,18
Rainy,1440.0,36
Sunny,6460.4538480535875,103
Cloudy,3516.863569124876,20
Rainy,5290.634291332831,16
Sunny,7145.624194180324,9
Sunny,6885.563410637193,120
Rainy,7823.200071400261,24
Rainy,321.6506728529987,33
Snowy,7200.0,18
Rainy,741.3186362452158,149
Snowy,3605.0145450886607,113
Rainy,3591.3149686403985,149
Rainy,3671.3105138764276,22
Cloudy,3548.0302517073806,8
Rainy,9153.481677523116,85
Rainy,523.1307811534589,150
Snowy,6468.20882272224,102
Snowy,1964.3670823918446,95
Cloudy,463.37551823622084,32
Rainy,758.3148819690829,21
Rainy,7828.208201728492,12
Snowy,8461.437475889768,25
Sunny,7200.0,10
Sunny,9752.942466692086,59
Sunny,2608.5906692991466,69
Snowy,1440.0,25
Snowy,6356.632466131075,38
Sunny,3466.281288241515,22
Sunny,3093.2957899015846,16
Rainy,1879.9859924672849,27
Snowy,4640.192695632301,14
Snowy,5670.817359632504,17
Sunny,1056.844221533086,19
Sunny,4057.7598341978974,6
Cloudy,5299.801943055565,13
Snowy,4633.541362361798,11
Cloudy,1971.1727041392814,102
Rainy,6656.174842042051,24
Cloudy,280.03398879889966,15
Sunny,2416.6794348620597,18
Snowy,6393.482856663071,35
Snowy,4905.064509282145,17
Cloudy,2415.945588553257,50
Cloudy,6639.9347921349745,35
Rainy,4910.0521803051315,18
Rainy,6897.35872921113,65
Sunny,6090.817202064037,10
Sunny,5261.736818499935,13
Sunny,3813.516452868618,21
Cloudy,608.5632818469635,10
Cloudy,2277.4078880071625,12
Snowy,3149.599112501291,23
Sunny,5372.649726914484,8
Cloudy,3533.4352308805237,9
Snowy,1971.8197126131458,124
Sunny,1097.6433213012801,27
Rainy,3346.4362714046065,27
Rainy,1652.9539333091184,25
Cloudy,5919.613497531394,18
Snowy,938.1635824844302,18
Rainy,4579.045433101338,13
Snowy,8551.725905514371,29
Snowy,0.0,21
Rainy,4210.724292584414,33
Snowy,795.9662881929427,28
Rainy,5005.183279726659,19
Cloudy,4843.829128748778,74
Sunny,3743.6890011667456,10
Sunny,3586.4515071270544,92
Cloudy,8317.188677525948,193
Rainy,761.1219535183343,37
Rainy,774.1086341262759,25
Rainy,7789.099603603012,24
Rainy,5019.499575460416,103
Cloudy,8030.808636801141,13
Sunny,4424.3393786436145,4
Snowy,5994.653248041944,17
Snowy,3867.5750738481775,16
Sunny,6541.511557726059,21
Cloudy,7853.765998913035,6
Snowy,5046.636215903542,103
Sunny,845.1294139302016,19
Cloudy,1965.68651508863,135
Snowy,439.81029885516745,33
Rainy,2230.5042918351655,26
Rainy,1807.7858000585884,15
Cloudy,5186.9709920572095,12
Rainy,4427.069902474377,14
Cloudy,3970.4960294372318,13
Sunny,5210.135093668696,9
Sunny,812.1707043529952,24
Snowy,1073.768754220385,31
Cloudy,1319.5708000065276,51
Snowy,3965.173223406527,23
Snowy,1497.2852767206077,31
Sunny,1699.3522919751474,14
Snowy,3375.0653120295556,33
Rainy,6489.3927780759,138
Snowy,906.3572473688843,31
Cloudy,4778.7322272647525,6
Rainy,6547.2360352117485,27
Sunny,6208.062144352803,9
Cloudy,7699.853590922899,9
Rainy,213.60200513463997,24
Cloudy,387.63603140007444,25
Rainy,7433.39354197812,30
Cloudy,3248.6856289281604,35
Cloudy,5419.311046778822,11
Rainy,6138.2164000205,23
Sunny,7200.0,21
Sunny,8097.59444431712,9
Cloudy,9426.541004530154,13
Cloudy,6170.9911991347635,27
Sunny,2412.111556587237,28
Sunny,7712.770382554401,80
Snowy,763.9235332723301,25
Sunny,2880.0,18
Cloudy,7885.418436099126,19
Rainy,2573.7383974628433,129
Sunny,1906.8564869546806,27
Snowy,707.4041434210937,122
Snowy,8557.488228828784,16
Snowy,3374.2918591964035,21
Rainy,7132.481480878894,24
Sunny,2414.790696763971,16
Sunny,6277.511960678064,87
Sunny,6707.666786059987,13
Rainy,2510.119601865623,37
Rainy,3823.8515863981906,22
Cloudy,1594.7191008394357,28
Snowy,9098.230616703047,21
Snowy,4950.893291201458,14
Sunny,7893.203965523983,133
Rainy,2383.441955118244,47
Rainy,6543.972360335972,28
Sunny,5999.276030864364,22
Sunny,6616.871226362146,9
Cloudy,9579.810868302176,8
Snowy,2361.5245612551744,20
Snowy,1109.081061199664,24
Snowy,6780.211975637605,23
Cloudy,6645.304828522238,18
Sunny,5014.740343874887,64
Sunny,1562.054063934243,18
Snowy,3754.662558887731,28
Snowy,2234.76756737872,27
Cloudy,3697.7683813903345,20
Rainy,4580.370512704689,15
Rainy,6090.819645453025,26
Snowy,2539.1350271998454,38
Cloudy,3585.760144611604,86
Snowy,2405.3402510541446,26
Rainy,730.194615406966,119
Snowy,6490.7122102184685,150
Rainy,8257.782170151359,35
Rainy,1974.2238978417454,126
Rainy,6514.603479698754,28
Sunny,7753.580896066185,99
Sunny,6323.5813581243665,139
Snowy,608.6980355512899,31
Rainy,9439.968157788137,17
Sunny,1987.6504962011481,114
Snowy,2612.0722052064675,29
Snowy,397.9413712009786,27
Snowy,3532.7262081019107,30
Snowy,561.696819021297,210
Snowy,2680.912038367344,38
Cloudy,2230.7597195441667,25
Rainy,6851.464034208709,36
Snowy,7385.19826570669,26
Cloudy,2256.138095712933,12
Rainy,8240.267086424437,16
Sunny,7949.622236139153,104
Snowy,6863.572935023527,33
Cloudy,533.776157963866,144
Sunny,6987.365078466809,21
Cloudy,8640.0,9
Rainy,6349.378118241722,30
Rainy,1999.619092295722,141
Sunny,4123.218411762373,6
Cloudy,5608.645972463057,11
Snowy,3411.770390224823,113
Snowy,568.7327458454914,147
Sunny,2058.5575408102177,25
Sunny,5995.9978160276605,9
Sunny,7589.285299265689,18
Cloudy,358.50932396925555,28
Snowy,9083.592876562514,13
Snowy,2147.513440540759,151
Snowy,6564.317303713147,35
Sunny,7038.180177413067,12
Snowy,6120.592545334035,27
Rainy,8274.35606345157,13
Sunny,2082.9640160788167,28
Snowy,7902.193064525124,133
Cloudy,962.9350171799774,27
Sunny,6075.820072237572,28
Rainy,6617.6675086262585,36
Rainy,6539.9227949567,28
Cloudy,2337.2824550429336,25
Cloudy,8024.100711806815,13
Sunny,1440.0,9
Sunny,490.41360566952625,27
Rainy,6288.841096199346,115
Cloudy,3375.669410487085,12
Sunny,6280.028237102309,139
Rainy,1930.5406341696537,27
Cloudy,1148.0459511987187,84
Rainy,6991.3815292763475,66
Snowy,3394.5313342501886,118
Cloudy,420.35199368247766,21
Sunny,6649.709600299106,16
Sunny,3401.1997040588503,106
Snowy,5267.855454391984,20
Cloudy,3673.052287506468,15
Rainy,5934.332118600996,27
Sunny,7037.101872478823,21
Snowy,7126.515962314388,30
Snowy,499.39607142562096,37
Cloudy,6340.427438423046,25
Cloudy,6582.911540660965,7
Sunny,6600.404444395329,21
Snowy,2397.0759381622192,34
Rainy,8640.0,61
Snowy,6416.298998102142,27
Rainy,432.61299196615664,19
Rainy,3103.44507791477,15
Sunny,7656.865185620909,16
Snowy,708.074289765433,167
Rainy,10006.040830866405,10
Cloudy,6293.659932346978,148
Rainy,5120.563662590003,25
Cloudy,2154.0877574138094,118
Cloudy,2587.8215784413105,61
Snowy,8640.0,22
Cloudy,1968.8872417486846,82
Rainy,6303.80180069344,117
Cloudy,2535.8979157448657,12
Snowy,965.4809362654721,21
Sunny,1384.8146372649721,9
Rainy,3810.214146717347,27
Rainy,9230.654847316659,25
Snowy,2372.6357390492312,73
Snowy,2559.1332890098465,95
Snowy,2455.373585231051,25
Snowy,3782.618651198627,23
Rainy,3984.0028882520955,27
Sunny,8340.946412560443,105
Cloudy,4097.57723677351,6
Cloudy,3833.5355595322712,13
Sunny,659.8374910859325,25
Sunny,9412.816927115997,14
Sunny,2594.3432279430085,91
Snowy,425.903158444595,23
Rainy,6612.722391194245,14
Rainy,4898.398027562151,47
Rainy,3610.3481362565344,92
Snowy,4060.2426705386274,16
Rainy,6548.795664487165,64
Snowy,736.7171573362135,133
Rainy,5990.451789247229,19
Sunny,5308.651283769799,10
Cloudy,3832.374305210787,13
Cloudy,4320.0,14
Snowy,2049.1998354169195,20
Rainy,6558.894117959018,27
Cloudy,3689.778126135872,21
Sunny,2727.883180714851,18
Sunny,5005.693608340697,13
Sunny,9460.447749277322,8
Snowy,3818.842743497954,26
Snowy,7987.179284336289,26
Rainy,1999.2838987618097,90
Sunny,789.8723974433907,28
Rainy,2546.507429949518,21
Rainy,3230.4544922120185,26
Sunny,2207.8690826928755,7
Rainy,467.95650662189763,21
Cloudy,8350.216786412944,68
Snowy,5931.652714277841,20
Rainy,6278.788134982228,108
Sunny,855.7962750232275,15
Snowy,1283.5886505243625,20
Snowy,696.3299060137244,142
Rainy,6280.128170390449,110
Cloudy,8597.216544998613,18
Rainy,3078.7149958501523,25
Cloudy,0.0,21
Snowy,3758.4052020192,24
Rainy,1979.2604792330599,87
Sunny,1792.3561858329433,28
Rainy,5295.008321027767,18
Cloudy,6567.768256957632,12
Cloudy,516.9316929347779,145
Rainy,259.090416478478,21
Cloudy,9674.084638180851,12
Snowy,2394.072424065118,17
Rainy,684.2966890394222,32
Cloudy,1384.7893185771597,13
Rainy,334.7694841225851,29
Rainy,1610.810938467094,80
Sunny,6230.913094842752,7
Rainy,2143.5890341120207,111
Sunny,3687.602201756169,20
Cloudy,6393.1550191717215,13
Sunny,3726.739942745147,20
Sunny,7469.44580729144,13
Sunny,8439.755257466373,10
Snowy,690.4255757786752,165
Sunny,6882.226499371725,102
Rainy,3723.3811246959735,11
Sunny,9524.431158895362,12
Rainy,3805.1162208835935,17
Sunny,9521.175081606234,8
Snowy,6711.380193552316,30
Cloudy,2638.4949108476753,18
Sunny,3670.7476210925292,18
Sunny,9615.241352731864,11
Snowy,7887.695150056598,26
Sunny,1238.4421975618102,15
Rainy,6236.498771258663,28
Sunny,2808.3385558478935,22
Sunny,705.5431377680363,91
Cloudy,3084.9209632375027,6
Cloudy,2206.117589367884,24
Sunny,6234.821403309043,24
Snowy,2462.631677635941,26
Cloudy,6245.055367451139,27
Sunny,559.3739640426793,138
Cloudy,1479.7653368596089,25
Sunny,1997.1697250703323,123
Cloudy,1440.0,22
Cloudy,149.79498354513964,10
Rainy,993.7492762119471,27
Sunny,5322.8880571143,12
Sunny,2313.1647222425872,24
Sunny,3251.888588473483,8
Sunny,2142.823911788887,96
Cloudy,7918.7030859273955,104
Rainy,7502.9887118906845,33
Rainy,4141.223388636174,33
Snowy,2475.8504246072416,42
Sunny,640.452897421321,12
Snowy,9369.678902038031,82
Cloudy,795.0178108611188,15
Snowy,1440.0,38
Sunny,2071.016142292585,22
Rainy,1914.4856707207925,32
Rainy,359.41679643783044,20
Sunny,6378.803894561056,12
Cloudy,1367.1671496658282,66
Sunny,5270.703430056124,12
Cloudy,514.3755636781932,78
Rainy,926.1298012882171,34
Cloudy,8423.767957170961,10
Sunny,1052.8681258485967,25
Sunny,6501.466933171263,106
Sunny,3367.1027600259936,6
Cloudy,971.3603929008924,7
Cloudy,9501.65473875183,9
Cloudy,2482.2695592099835,9
Rainy,8148.661848605509,21
Snowy,1097.8389775149608,30
Snowy,7727.315323838196,80
Sunny,1194.2618636283573,15
Rainy,3671.135857689264,18
Cloudy,7200.0,19
Sunny,7671.892385487756,10
Rainy,8544.94696913949,31
Sunny,6551.247882046553,27
Rainy,7685.489518698799,35
Rainy,545.8010997404442,156
Snowy,2044.6749690500446,26
Sunny,2312.69974070469,21
Cloudy,2348.22077569278,27
Snowy,1953.4679985821117,133
Snowy,3591.232346786046,104
Cloudy,1440.0,18
Rainy,7101.915541236256,14
Cloudy,877.0765210826515,16
Sunny,2173.6812521405523,109
Cloudy,3643.211277618574,19
Rainy,6700.86647018295,27
Cloudy,6111.794676528574,18
Rainy,4947.344446527596,18
Rainy,119.30973340406786,22
Sunny,3743.7203241379007,12
Cloudy,952.9905382929868,19
Cloudy,1986.0528735722255,127
Sunny,4166.635234784411,19
Rainy,278.72436131915714,41
Cloudy,1632.8250431244646,28
Sunny,9440.802654681589,5
Rainy,9736.955388940376,13
Sunny,2766.213968924833,21
Cloudy,554.8016653671816,76
Sunny,1108.3251000352664,21
Snowy,2146.1369509797455,157
Rainy,7857.854172021305,30
Snowy,1038.117577495202,35
Snowy,6714.836236228831,22
Rainy,152.4988234856702,17
Rainy,9891.554525901323,17
Sunny,2656.8328874930826,19
Rainy,6254.7974274565695,30
Snowy,2302.4892720374673,20
Snowy,5217.850867061786,14
Cloudy,813.8425556966065,9
Rainy,521.8901446156488,110
Snowy,7678.215587542301,31
Cloudy,7910.800534443079,127
Cloudy,8342.182446933371,62
Sunny,5235.696055653996,6
Snowy,6346.578840449002,18
Sunny,997.8115358334042,24
Snowy,1440.0,38
Sunny,2573.555652133957,111
Sunny,4413.703039639884,5
Rainy,2029.5212610948724,37
Sunny,316.9188379345882,25
Rainy,4573.914668740474,20
Cloudy,6897.897643456266,66
Snowy,1991.627567527719,147
Cloudy,844.7413974230577,15
Snowy,703.1085916034938,138
Cloudy,2331.734697800324,22
Snowy,2187.655880781692,122
Sunny,4578.122799292115,4
Snowy,5398.656055000971,27
Snowy,6302.247630061927,155
Cloudy,1599.6305164824896,15
Cloudy,6325.878542052272,108
Cloudy,2700.273524628352,16
Rainy,3906.0798271608573,31
Rainy,6354.485231613171,38
Snowy,594.2672264453656,37
Snowy,604.2113815617422,51
Sunny,8640.0,13
Sunny,2297.496762803359,18
Snowy,6634.814992988785,22
Rainy,1090.9020434514632,39
Snowy,6565.964097249545,26
Sunny,2066.7448275045467,15
Rainy,649.3140543294078,14
Rainy,5014.223546610937,81
Sunny,2146.5999948564568,117
Snowy,2421.946635709313,25
Cloudy,738.7005188906278,133
Snowy,983.7504277976085,66
Snowy,2130.94203116091,122
Sunny,748.3086685137927,305
Rainy,7200.647753568441,24
Sunny,1049.8779628928933,9
Snowy,3724.7358513232775,19
Cloudy,1079.2836395494749,31
Cloudy,1440.0,16
Cloudy,8640.0,15
Sunny,669.7477338641374,19
Rainy,9758.945814025506,55
Sunny,1785.633866234809,19
Cloudy,6700.598605822525,28
Snowy,3220.7703972574836,27
Rainy,7695.44317414951,20
Sunny,5729.051287392043,12
Sunny,3531.354335725195,19
Rainy,798.2758343447002,23
Rainy,1033.2243830479515,28
Snowy,8098.4454796701375,17
Rainy,2214.1508058516874,80
Snowy,2291.385960887841,26
Cloudy,7200.0,25
Cloudy,2139.2572330679095,178
Sunny,9432.395656817389,10
Cloudy,6858.23558256274,19
Cloudy,5437.989335864874,61
Snowy,8347.330910001736,112
Sunny,949.9428799305065,19
Rainy,1748.5182314170258,19
Sunny,4188.035351628394,13
Cloudy,1747.3156585132724,10
Rainy,6588.948767486052,35
Sunny,7648.460693993031,21
Sunny,3576.910195226523,103
Sunny,2278.354467709253,24
Sunny,9475.688597562099,14
Snowy,3751.8914715247024,25
Sunny,4180.936056861113,17
Cloudy,2323.272348545033,28
Cloudy,7832.103611295366,20
Snowy,5387.071380583809,16
Rainy,6908.20937601287,96
Rainy,6038.061186550683,33
Cloudy,2375.064025145949,18
Cloudy,3852.4221872319235,14
Snowy,6372.877138790403,28
Rainy,2655.2544527921827,23
Rainy,6425.97998866829,23
Sunny,7965.2075232497555,9
Sunny,4977.694143257807,11
Sunny,6485.608457129329,168
Snowy,6085.340968717727,34
Cloudy,5961.5816822660545,12
Snowy,2734.02182276099,23
Rainy,415.093914605402,38
Cloudy,3243.0987541957293,9
Sunny,5760.0,12
Snowy,3369.9737708317793,21
Snowy,6003.687674373301,31
Sunny,2751.125457649093,22
Snowy,5403.534152163348,39
Sunny,472.26587573601944,25
Rainy,7200.0,19
Cloudy,3953.435575316974,10
Rainy,2043.0607019368958,20
Rainy,1440.0,25
Sunny,7200.0,10
Snowy,3099.7539119651055,25
Rainy,1567.656451095519,26
Rainy,9728.12535552347,14
Rainy,7200.0,21
Snowy,9858.338214663787,18
Snowy,3803.0072832188494,18
Sunny,3814.111562999503,19
Rainy,8227.22960116091,25
Cloudy,3873.2142923232354,9
Snowy,6581.228912628975,12
Sunny,2197.5123974226753,18
Rainy,3577.466473956172,146
Cloudy,448.57274800799655,15
Snowy,2058.9569723279615,19
Cloudy,110.53554688966119,22
Snowy,684.59773435389,35
Sunny,9004.10720142567,8
Cloudy,1762.7078458023225,28
Rainy,6544.761894415253,24
Rainy,6981.120823084056,35
Snowy,5370.593978160832,37
Rainy,154.61978269565623,36
Cloudy,6123.733870834679,21
Sunny,5378.677627675757,10
Snowy,6126.304538326209,28
Cloudy,6399.1320660010715,25
Snowy,9558.018755648838,30
Sunny,4691.395996249092,15
Snowy,2197.9351822125454,26
Rainy,4559.750821829446,33
Rainy,503.50764817756306,25
Snowy,8035.121496291314,12
Sunny,146.52225592859907,25
Sunny,2318.5709056657433,24
Rainy,6472.9303923863945,162
Sunny,5238.896383590173,7
Snowy,2240.609088263278,75
Cloudy,4091.090554790584,9
Snowy,7965.080820953247,22
Rainy,2005.414005194909,108
Rainy,7964.027101091622,20
Rainy,915.5872904530996,22
Sunny,6497.589625317253,145
Snowy,6494.6130088333975,139
Cloudy,467.2829923895681,12
Snowy,3361.3556696816586,36
Cloudy,215.06210215211036,7
Snowy,7109.8476275472985,24
Rainy,3152.209235259137,19
Cloudy,4790.554128793473,4
Snowy,461.3733843950889,21
Sunny,2482.172775699999,9
Sunny,613.81811581487,22
Snowy,2609.187146162544,86
Rainy,4797.543375272207,13
Cloudy,8020.437898400569,6
Snowy,6179.275060826487,30
Sunny,4320.0,23
Cloudy,8932.464569149375,10
Sunny,6591.53545568173,15
Sunny,8148.159677135555,16
Snowy,3748.9676750825392,25
Sunny,2093.296442804025,51
Cloudy,673.2645480959666,10
Rainy,6495.77212991248,123
Snowy,667.0792794137441,18
Cloudy,2506.9964820461673,10
Snowy,4320.0,19
Sunny,4839.30295739718,44
Sunny,4546.870927351532,12
Cloudy,688.2184625935482,15
Cloudy,2880.0,28
Rainy,4750.677155530897,22
Cloudy,9950.082049959865,13
Cloudy,7083.972293067519,27
Snowy,7720.708232985122,106
Sunny,6684.833908506699,15
Cloudy,5626.2227843262735,14
Rainy,583.5140132445047,32
Cloudy,6406.71107036315,25
Sunny,4830.594870978488,43
Cloudy,4674.687576950568,4
Snowy,3366.2600837762375,16
Sunny,3159.3815039655874,33
Cloudy,2172.270048573321,121
Snowy,3322.809636818889,26
Sunny,804.1629282446692,28
Cloudy,5919.877567366694,9
Snowy,839.1168835972046,20
Rainy,1020.0704261792129,19
Snowy,2882.2551686742763,25
Rainy,6614.660365145126,20
Cloudy,4041.960837290385,60
Snowy,1724.529233271166,40
Rainy,5642.126059261573,14
Sunny,2310.8468433717762,9
Snowy,7666.195731926973,23
Cloudy,7899.923132043225,116
Sunny,3800.99768850782,15
Rainy,2187.361940908468,157
Snowy,6673.952157280693,34
Snowy,388.55750649142817,26
Cloudy,3660.969896652988,22
Sunny,1651.0627811142072,15
Snowy,7879.958617914468,34
Snowy,394.5932490726757,17
Sunny,4775.209220667684,6
Snowy,6924.993543075758,75
Sunny,3992.871643413937,103
Sunny,939.2897235265837,9
Sunny,8966.767404717872,14
Cloudy,3486.0929581098712,14
Sunny,5476.715171992506,54
Sunny,2211.018088910366,7
Rainy,4320.0,19
Rainy,3741.5944221819736,20
Cloudy,789.1376819364114,18
Sunny,608.7180728870995,24
Rainy,6528.074725721622,35
Rainy,2105.110858903004,14
Snowy,974.9191236078925,30
Sunny,3944.41283404605,10
Rainy,6197.043794217138,17
Cloudy,240.7561367191999,15
Snowy,4378.966065682813,20
Snowy,902.8768776885157,20
Sunny,322.7880217774055,18
Sunny,0.0,10
Snowy,6619.888297631147,26
Cloudy,1440.0,25
Sunny,717.8144718456384,139
Sunny,3901.856678802591,12
Snowy,6509.458569077124,159
Snowy,2124.3997248511887,28
Sunny,3930.8675338755966,13
Rainy,615.5011640920856,32
Sunny,3696.261233065885,13
Rainy,5155.811210230565,15
Snowy,4799.487436688502,22
Rainy,2517.1352458331485,24
Cloudy,2097.014487589653,22
Snowy,447.9317425825759,30
Sunny,2353.1435436853453,10
Sunny,396.5515265552266,9
Snowy,6490.145216652886,184
Snowy,9356.717161208087,79
Cloudy,9750.922403699367,70
Snowy,8090.891363836783,23
Sunny,5030.990294851748,75
Cloudy,6774.395867712104,49
Sunny,2660.474717646233,18
Rainy,5240.811710286671,22
Snowy,3603.726943143617,92
Rainy,3127.7389563539427,36
Sunny,6096.559081292866,22
Rainy,2050.1191064323198,29
Rainy,1940.5756072226582,29
Sunny,7852.690330925239,16
Sunny,740.3939729629586,105
Snowy,3790.689391568423,34
Rainy,7894.620439898727,101
Cloudy,5215.140591777433,12
Cloudy,3623.2107893316434,76
Sunny,1448.8320361126064,27
Sunny,1821.8392582252484,9
Rainy,7868.128479940218,14
Sunny,4604.509892577202,15
Cloudy,3815.9743427986336,21
Snowy,1271.070299643731,31
Snowy,1158.754266611034,111
Rainy,9283.160566465125,11
Snowy,2696.661409265983,21
Sunny,5093.52028459276,9
Sunny,598.6490503975058,22
Sunny,6259.1750411252615,24
Sunny,7811.110912864274,9
Rainy,4900.256345325158,24
Snowy,781.3498400551756,39
Cloudy,5097.806633177951,6
Snowy,6481.096567255229,184
Sunny,3757.297741108686,12
Cloudy,8348.632658923083,79
Rainy,5381.8394887588765,28
Sunny,7385.436731358035,13
Sunny,4320.0,15
Cloudy,1056.3551680461385,13
Rainy,1667.9236685704484,28
Cloudy,2079.084455318634,24
Rainy,7498.7593106186305,22
Sunny,5831.287042471193,22
Snowy,6674.926582153724,40
Sunny,2433.295857708953,22
Snowy,512.4562557383811,130
Snowy,5760.0,37
Rainy,3403.351998629106,107
Cloudy,2301.049441944917,25
Rainy,4507.591835241314,12
Sunny,786.009571120496,12
Cloudy,2154.4884542977215,93
Snowy,3808.544939856392,20
Snowy,763.0489326290951,14
Sunny,9009.69518128264,12
Cloudy,2590.7657405992168,248
Sunny,662.9293537102908,24
Sunny,2150.1703657764247,130
Rainy,6144.023534733649,35
Sunny,3440.418389571056,111
Cloudy,4721.471022950315,12
Sunny,657.7394184275677,28
Cloudy,1336.2150528512436,19
Snowy,3106.1155885447115,24
Sunny,5899.117896764374,7
Cloudy,8449.6213178977,14
Snowy,644.6434762253282,30
Cloudy,3359.13381408243,10
Snowy,8294.365687462589,30
Rainy,1941.978405694729,16
Sunny,7137.3634968768965,9
Sunny,964.0533136821368,28
Snowy,7744.351893067547,102
Rainy,7200.0,59
Cloudy,7701.942627718799,10
Rainy,6747.15433392335,20
Cloudy,2267.745328946337,13
Cloudy,8388.626864183567,8
Sunny,2722.144030821667,9
Snowy,2171.5214936636758,286
Sunny,6208.769566675374,27
Sunny,6645.589971458082,28
Sunny,7676.0224668892415,20
Cloudy,2880.0,18
Sunny,6529.152719189786,16
Cloudy,6348.484241527641,13
Snowy,786.4849101113671,20
Cloudy,1675.0345357693093,18
Cloudy,1810.2189461361654,16
Rainy,2592.1490068599933,86
Sunny,9123.518059570297,15
Sunny,4663.112046234502,6
Sunny,6673.194990909823,13
Sunny,9786.853495678679,34
Rainy,2418.823191839424,34
Rainy,6838.577166890094,17
Rainy,3327.553768114994,32
Rainy,7408.148159972936,21
Sunny,1260.4801147039752,16
Cloudy,7803.835258016831,15
Snowy,2069.700114076183,27
Rainy,2638.149891065661,25
Cloudy,6680.242803384237,13
Rainy,2324.1195979493787,22
Sunny,5760.0,8
Sunny,3368.3334370631483,19
Cloudy,6814.022446109246,15
Cloudy,2180.5247249629506,139
Cloudy,816.6932203907725,10
Sunny,2710.2486335085114,15
Sunny,3782.820872264265,9
Snowy,913.7865884578679,33
Cloudy,2546.102641431529,21
Snowy,2028.6170173645614,20
Rainy,417.8845197579577,36
Snowy,4663.868690152428,14
Rainy,7212.111627824639,25
Rainy,1440.0,37
Snowy,4642.844988340194,12
Cloudy,6400.348695509122,10
Rainy,3500.3472120399883,28
Cloudy,6590.666411211276,25
Sunny,3893.665396514147,9
Rainy,3909.7704558095083,29
Sunny,510.0921221151822,121
Snowy,6419.836183036892,20
Cloudy,6581.728782175788,13
Snowy,630.4711945739231,33
Rainy,2738.6444073671973,32
Sunny,9536.75098258977,14
Rainy,3864.5560029779344,19
Snowy,3838.637256720269,27
Cloudy,8342.450588694717,84
Cloudy,6545.167761133334,13
Rainy,4573.140498735896,23
Rainy,6623.887662630951,24
Sunny,7685.511518234942,12
Snowy,3409.6979945700878,119
Rainy,3811.0910467518333,20
Sunny,2605.7819057161087,129
Rainy,9367.657767624982,68
Cloudy,6591.179884535627,28
Sunny,1332.7973800686857,24
Sunny,8006.671144615884,21
Rainy,4320.0,17
Snowy,923.5834724273559,32
Cloudy,2966.1254067039054,10
Snowy,3871.202983597632,16
Sunny,8057.2170185578,13
Snowy,2624.3109914697884,16
Sunny,6722.345286457185,9
Snowy,4990.155845765841,21
Rainy,279.2526349358283,31
Snowy,9284.75162737703,26
Sunny,3293.812636484652,20
Cloudy,1951.0115580702998,130
Cloudy,3811.8882255914195,22
Cloudy,8521.165621566506,18
Sunny,2302.081750736273,16
Snowy,289.4820976673336,34
Cloudy,880.0569605592507,28
Cloudy,2590.7873351924345,91
Cloudy,6260.4781544450225,23
Rainy,3551.75381999775,22
Sunny,2165.287750102511,130
Sunny,437.4366072903936,25
Sunny,2393.3809561837893,13
Sunny,7876.458666501198,21
Sunny,2311.03167980653,15
Rainy,9040.502815991244,20
Snowy,3442.5150118835722,114
Rainy,980.0572888179977,20
Cloudy,7785.780065246964,14
Rainy,4221.7069864440255,15
Sunny,6336.130973178743,24
Rainy,9440.88650127068,25
Sunny,1055.7326994743123,24
Rainy,209.38833614410856,38
Sunny,5846.10882768692,28
Cloudy,1610.763726754766,24
Sunny,1174.5302772337855,16
Rainy,521.3310674787192,148
Cloudy,1440.0,28
Rainy,6276.8708644833405,90
Cloudy,786.4384691509333,10
Snowy,4155.159582924435,26
Snowy,5760.0,17
Snowy,4320.0,17
Rainy,1155.0118430135312,97
Rainy,6848.662509292127,24
Cloudy,933.309701712426,16
Cloudy,6760.209987419989,28
Cloudy,7721.573142121728,117
Cloudy,3305.4484019679694,12
Sunny,3598.7851953320574,75
Snowy,3538.733535891026,15
Sunny,1996.837902242181,94
Sunny,8170.699481084417,16
Sunny,8263.909875085385,19
Sunny,2191.826479065065,13
Snowy,5571.910829179895,21
Sunny,7508.991918911938,16
Cloudy,9290.282594659302,10
Rainy,3341.9439645829902,15
Cloudy,2928.0468178536985,18
Rainy,2130.2349530966285,100
Cloudy,9316.170896982017,10
Cloudy,1264.8419075671673,9
Rainy,5267.09220643972,22
Snowy,1791.2927432414863,18
Sunny,2827.473323880308,25
Cloudy,4039.572130389127,80
Snowy,9569.555173248702,15
Sunny,638.4657244140606,28
Snowy,4694.601874779547,21
Snowy,586.0055606144209,31
Sunny,1111.949503093507,60
Cloudy,4278.45107013646,19
Snowy,4155.5676701779885,19
Cloudy,1984.0142081569413,75
Cloudy,1756.937724015956,12
Cloudy,770.7190488880334,10
Sunny,1523.3618283973733,24
Rainy,9476.34037710652,26
Cloudy,7866.863068932479,22
Rainy,1992.2268593274327,146
Rainy,4465.906895783954,15
Snowy,8104.896038365098,11
Cloudy,528.2276977217119,147
Cloudy,6058.829939144296,9
Cloudy,7200.0,16
Rainy,710.094634181771,135
Sunny,1358.0105748011079,7
Rainy,9958.053317237232,13
Cloudy,3435.4453476289423,80
Cloudy,503.203658269759,9
Cloudy,2328.7587321870087,21
Rainy,3240.581241892215,13
Cloudy,6588.645083935007,18
Snowy,6755.788900218488,25
Cloudy,9801.69596059835,46
Sunny,2123.944532467217,21
Snowy,3526.6774499362923,31
Cloudy,3283.9262687676382,9
Snowy,3302.3230725456506,24
Cloudy,638.4675989154504,25
Sunny,9492.251582453824,10
Cloudy,8248.89046544397,14
Snowy,3310.855577755076,21
Sunny,5577.367884825428,11
Rainy,2062.3955036246753,40
Sunny,3592.307774034563,94
Sunny,6211.003795506784,21
Sunny,2880.0,14
Snowy,9678.256342689978,16
Sunny,5305.263802953276,12
Cloudy,2058.7220794374434,22
Sunny,6504.116658200954,106
Sunny,905.7381183734758,28
Cloudy,1597.4834915208446,7
Cloudy,1969.5410361553338,82
Rainy,3885.9352846638576,21
Sunny,6028.45580765907,49
Snowy,3705.6808555799867,32
Sunny,5991.630550335574,16
Sunny,5207.914793676069,4
Cloudy,2147.169066372906,169
Rainy,5898.552546274017,36
Sunny,2579.306167604582,114
Snowy,1895.5470323527022,21
Sunny,3308.309122674823,13
Snowy,2232.2049110031394,34
Cloudy,1133.5094457943374,126
Rainy,4674.304145167777,40
Sunny,3622.2047459452697,109
Rainy,3754.373940119006,27
Sunny,9609.518018614732,14
Snowy,5103.518959899801,12
Rainy,7787.869977930004,28
Sunny,422.0675205664609,16
Cloudy,5071.011797896695,10
Snowy,7534.029955685181,24
Rainy,4320.0,18
Sunny,6637.1615294967605,21
Rainy,2485.41654279103,29
Sunny,0.0,24
Snowy,3236.4969463044226,36
Cloudy,2382.8955339618715,12
Snowy,8640.0,16
Rainy,2167.485734763147,116
Rainy,9097.918941157512,21
Sunny,9294.157281202257,12
Snowy,2654.9555108933464,20
Sunny,1927.4528955151673,22
Snowy,7632.2908776059085,34
Rainy,9186.212332014467,68
Sunny,3256.8017010268636,10
Sunny,2204.161313758126,21
Snowy,4184.884245049042,26
Cloudy,6596.30853832177,9
Snowy,2069.1527392345365,21
Cloudy,6374.947943190404,24
Snowy,157.2513088692035,42
Rainy,1037.9195197729773,41
Sunny,2131.9786090753914,150
Snowy,2095.027231107375,49
Rainy,2880.0,24
Snowy,3707.551047011647,32
Sunny,1889.3552219657336,16
Snowy,566.5112653660044,137
Cloudy,2573.4404553108316,169
Sunny,9400.777347793595,4
Cloudy,3082.219927805748,7
Rainy,3930.9224164470734,26
Rainy,4799.468129205962,20
Snowy,10034.387199438317,22
Cloudy,2548.8173036572734,18
Cloudy,6318.964117562849,121
Sunny,6941.165890224641,21
Cloudy,5064.427983789865,87
Cloudy,1026.998523043999,18
Sunny,6654.503814226011,21
Sunny,415.3116042032855,16
Cloudy,4808.322060365714,15
Snowy,6850.785894329218,21
Sunny,2039.4808804416452,10
Sunny,6334.686553232881,21
Cloudy,376.15587143423295,18
Cloudy,6632.495663613646,19
Sunny,4320.0,21
Cloudy,1775.688150868462,19
Sunny,728.7190044021929,163
Snowy,9868.399399949554,15
Snowy,691.3290991515426,188
Sunny,882.8538466499042,28
Sunny,1777.5383298671234,12
Rainy,5194.190554994753,34
Rainy,3532.6280645983625,32
Cloudy,1074.8627984447508,7
Cloudy,2587.4589785633107,334
Sunny,2880.0,21
Sunny,2368.667942356887,9
Rainy,3717.28667396958,26
Rainy,6549.978348567841,63
Sunny,2032.860134588152,10
Snowy,2281.854183646209,36
Snowy,2053.6554923499493,31
Cloudy,9420.645951457062,13
Sunny,9834.335112818866,15
Sunny,6117.644676499329,12
Cloudy,2570.3562820064562,75
Rainy,1194.1614242423516,17
Rainy,2117.495330283212,28
Snowy,1440.0,25
Sunny,3381.1840846460045,18
Rainy,6946.918036761999,29
Snowy,7911.767497572402,106
Snowy,6120.2511963738325,24
Snowy,1978.2810283578417,136
Rainy,6782.623209541639,25
Rainy,2356.8240845524965,38
Sunny,633.98444429891,18
Sunny,6347.943211746712,19
Snowy,578.9670663442241,42
Snowy,3267.9323335805393,18
Rainy,2741.5352482089993,18
Rainy,6363.964631083918,29
Sunny,6918.1770674971785,75
Sunny,2707.6737786920826,27
Cloudy,6839.391923333265,24
Sunny,2004.6166874215025,115
Rainy,3745.3428325211794,18
Snowy,6471.2895816992705,181
Cloudy,6154.667330137154,21
Sunny,9476.769341419777,8
Sunny,1735.545675182471,53
Rainy,6907.564579846163,79
Cloudy,4872.737772972579,62
Sunny,7992.417476114222,7
Snowy,821.9836337566112,16
Rainy,6386.794209466532,28
Cloudy,5251.209768531099,12
Sunny,1989.0346836158913,135
Sunny,3913.667027084608,19
Cloudy,1675.4473151111706,10
Rainy,5085.496648636708,9
Cloudy,8618.014439660983,20
Cloudy,4679.880723141993,4
Rainy,4796.011810611053,14
Sunny,3785.0068258772094,13
Snowy,784.6494414982552,23
Rainy,2286.2268357384814,39
Snowy,3776.107366853159,30
Sunny,2388.499728682237,13
Cloudy,1119.4919431042404,96
Snowy,3747.5347164942646,30
Sunny,2073.147244337325,27
Sunny,2402.1265324329834,19
Cloudy,4283.957496562278,10
Cloudy,672.2518513022735,21
Sunny,7569.169450318569,13
Sunny,8318.54904094331,84
Snowy,6436.662780976705,25
Sunny,0.0,24
Sunny,6785.071803774152,16
Snowy,6287.281853056587,114
Rainy,6447.408018370502,31
Snowy,839.5129190048452,24
Snowy,5108.579884720464,9
Cloudy,6735.402654170054,24
Snowy,4883.224906594856,82
Sunny,5224.71808734339,10
Sunny,3506.5631960697897,7
Sunny,3865.971773119501,10
Rainy,941.5322942446992,28
Sunny,4703.2420672639455,6
Rainy,1110.9535618230116,94
Sunny,3407.0531597589425,91
Snowy,2450.900807381212,27
Cloudy,3732.2234328244826,13
Sunny,1381.746123646244,13
Rainy,6399.552246346133,17
Rainy,6354.245953397449,38
Cloudy,713.0089418804163,172
Sunny,610.8552781796609,28
Snowy,1007.979084699138,20
Sunny,7338.128180962828,8
Sunny,3220.6743291073126,14
Cloudy,3215.5909482314905,12
Sunny,1062.1107331104872,16
Snowy,5655.820814129493,12
Rainy,7882.39828132651,21
Cloudy,6419.224179651596,19
Snowy,5065.218778720745,71
Rainy,1138.2761889389485,72
Cloudy,386.15287169139333,15
Cloudy,805.8128337845227,22
Rainy,2511.0711467216747,23
Rainy,900.3939011783443,12
Snowy,2228.2493819755477,43
Sunny,2520.3765933241707,10
Sunny,7200.0,16
Sunny,5284.035115031127,6
Sunny,6244.532754074127,21
Sunny,5820.972157131676,16
Snowy,904.032935828993,32
Cloudy,6974.517076258665,13
Snowy,2110.518534734031,20
Snowy,5383.034836993058,21
Snowy,2740.4201728759126,34
Cloudy,9833.369203290256,4
Snowy,2750.3872305737013,34
Snowy,2427.165896785881,26
Cloudy,7947.156110004574,91
Snowy,143.2923077170193,30
Sunny,6391.417504273219,25
Rainy,6176.431225686171,40
Snowy,7200.0,22
Rainy,9296.681107524359,20
Snowy,9404.353730442415,21
Snowy,918.5347353745683,27
Sunny,6495.696880694083,160
Cloudy,5650.218374555071,6
Rainy,4815.846229775598,17
Cloudy,790.0586838854074,13
Sunny,6212.710589148703,28
Sunny,8884.791895960547,8
Rainy,7699.763127274097,32
Cloudy,3586.666753062572,121
Sunny,565.4511991737864,88
Snowy,1910.7284472454119,30
Snowy,5973.72571307814,20
Snowy,6450.08199385367,364
Cloudy,3058.300665348839,22
Snowy,993.6201469282569,36
Snowy,3629.678311056421,101
Sunny,3075.2814601926248,22
Sunny,7808.684732262049,22
Snowy,4769.22369398739,17
Snowy,2274.902823750905,35
Sunny,4082.562160568332,21
Rainy,44.9379109275319,31
Cloudy,9401.40938849307,14
Cloudy,2102.3521935960093,7
Sunny,3841.682427522168,14
Cloudy,2236.750786165568,43
Sunny,6209.291040574025,27
Sunny,6365.140583160018,10
Sunny,6193.430691550744,21
Sunny,2547.3625698954957,19
Rainy,2167.6721935218993,182
Snowy,1404.4286468710827,23
Snowy,6458.1621070267365,158
Rainy,464.97356391223343,29
Cloudy,4495.062818659382,8
Cloudy,7270.86971654786,9
Snowy,7349.711060518024,21
Cloudy,3696.165594364134,14
Snowy,3783.141008362776,20
Snowy,150.771347268432,20
Rainy,6802.213793067402,23
Cloudy,6306.098021393962,112
Rainy,2212.845484314798,36
Snowy,4180.399426171953,20
Snowy,6802.862153711591,33
Snowy,7823.3289667539,50
Sunny,1839.1707988504966,22
Sunny,4320.0,14
Sunny,461.10480507272877,24
Rainy,643.99311402203,24
Snowy,7564.615370225574,17
Cloudy,6432.747491846771,16
Rainy,6507.666677865156,108
Rainy,639.0518465490917,55
Rainy,6245.999070903555,23
Cloudy,3660.715681908022,15
Snowy,2319.0986338449875,27
Sunny,3207.4563321205756,9
Snowy,1227.9356567086572,39
Snowy,6444.508272377666,20
Rainy,5046.785864260145,97
Rainy,974.9571923723606,28
Rainy,803.9578072548607,20
Sunny,1063.1291882087683,13
Sunny,823.3646994726568,12
Sunny,4819.522545129443,11
Snowy,6610.141269074196,37
Rainy,308.2585653645618,18
Cloudy,759.0814940795483,12
Snowy,5028.037203367994,76
Sunny,6405.077931381886,7
Cloudy,2113.726495881985,7
Cloudy,1482.53434362085,9
Rainy,4842.459033213254,64
Cloudy,2193.4241644108015,24
Sunny,777.5483011190641,19
Rainy,6110.036949266655,36
Cloudy,5495.654822711293,9
Rainy,4728.17705464278,21
Cloudy,6829.004592189625,25
Snowy,6633.789970273807,28
Snowy,1927.358168456231,31
Sunny,2799.1119213394245,25
Snowy,290.29074056766717,57
Snowy,1050.8955024996005,22
Snowy,6840.209634495472,35
Cloudy,7678.5767247324075,8
Cloudy,9861.287508023159,15
Rainy,4949.983254744377,23
Cloudy,823.9297065407485,9
Snowy,813.7158619576395,33
Cloudy,6431.648853070603,15
Sunny,5331.890978337522,11
Rainy,5325.655939398796,23
Rainy,5850.528489634255,30
Cloudy,6949.562487436135,9
Snowy,5881.502884307158,27
Rainy,1091.7166335629968,35
Sunny,6885.61384925793,63
Sunny,7527.252085122529,7
Rainy,2012.1068563363494,28
Snowy,4641.946319345063,27
Snowy,2082.6284290960552,16
Cloudy,9249.107657693134,23
Cloudy,1000.6777916169624,24
Rainy,5511.711148603059,14
Cloudy,1222.446171884384,13
Cloudy,6277.619510431811,138
Cloudy,644.68012545197,10
Sunny,1553.962250800458,22
Cloudy,3309.886776061372,8
Rainy,8267.346587915084,22
Snowy,2741.6098164773634,23
Cloudy,275.6344061232281,12
Snowy,6266.712866704958,21
Cloudy,3590.4939274947865,114
Rainy,8020.858017175058,22
Sunny,428.54273282820736,13
Rainy,5192.661976007073,12
Sunny,1989.4178350544703,147
Cloudy,714.7971824838195,106
Cloudy,6676.662329281332,18
Sunny,5042.312017131938,73
Rainy,6322.901079410435,148
Rainy,2120.540470586701,23
Sunny,3568.1893346860793,13
Cloudy,3466.796029242434,14
Sunny,9266.833417439842,25
Cloudy,2735.512981381698,21
Sunny,2361.9310012588458,7
Cloudy,2053.627085509502,9
Sunny,5290.903585623865,5
Snowy,2039.8249836878363,19
Cloudy,8342.32486953119,58
Rainy,2293.071189191314,35
Sunny,7881.371228158478,8
Rainy,881.1780932917,25
Sunny,5914.48458525534,10
Rainy,7514.36371119247,26
Rainy,290.18699769634003,30
Sunny,9411.459514114935,4
Sunny,4223.705399814633,6
Rainy,8640.0,13
Rainy,6709.698396518673,19
Rainy,2340.3040109800045,21
Cloudy,71.61921570501397,15
Cloudy,1964.637432095752,132
Snowy,436.397849313034,29
Cloudy,496.4948646295982,18
Cloudy,659.4682253094758,21
Sunny,3430.047392029034,72
Snowy,5767.452068264716,38
Snowy,989.2476922023122,26
Cloudy,333.8125107336697,27
Sunny,5126.128871080014,5
Sunny,1440.0,18
Snowy,389.0215470288876,29
Sunny,0.0,9
Rainy,7817.03848012316,32
Cloudy,6876.345468599486,126
Rainy,2865.005083519414,24
Snowy,6037.36214599713,35
Snowy,3778.8117203651477,17
Sunny,6312.488235559181,81
Sunny,6441.858592450511,7
Snowy,5760.0,15
Snowy,1618.930681777745,29
Rainy,811.3462781380465,40
Rainy,3768.369541835556,21
Sunny,8310.883076978165,55
Rainy,5075.273935249523,18
Sunny,6590.898194221477,9
Sunny,9219.006515728155,5
Cloudy,816.8856988482387,27
Sunny,6356.450780820932,25
Rainy,6703.765880348178,28
Snowy,9226.940279024291,18
Snowy,9495.756141804788,20
Rainy,6469.465387073407,167
Snowy,2565.3780902779804,108
Sunny,6461.498259508145,90
Snowy,81.70831144552267,22
Rainy,6934.2917402570365,19
Snowy,7593.936371689457,11
Sunny,1924.644118086425,25
Sunny,4825.561934144343,8
Rainy,4094.797713541494,26
Rainy,2880.0,26
Rainy,2880.0,15
Cloudy,6860.180451263779,27
Cloudy,8000.366009086498,10
Sunny,7900.238159778137,124
Cloudy,822.7994669487565,18
Cloudy,8107.6040742165615,20
Snowy,6712.27761094202,29
Cloudy,2360.0176077612414,16
Snowy,752.2490452518896,26
Rainy,2088.9581686893625,23
Snowy,7865.541617884735,28
Snowy,4969.833019073035,19
Rainy,6888.157234872144,141
Rainy,2373.6804200211104,17
Sunny,5760.0,27
Sunny,956.1242795507139,15
Sunny,2230.105030098759,27
Sunny,5033.264847679477,60
Snowy,580.1333568880011,30
Snowy,6884.680579194965,97
Sunny,2501.1095263642287,24
Cloudy,6201.764039583501,10
Sunny,3746.5388233648328,12
Cloudy,4690.203575565137,12
Rainy,223.33746067598503,32
Snowy,494.3817991476126,23
Snowy,8230.461650057794,26
Cloudy,2503.125016335391,19
Sunny,6664.710751235026,28
Snowy,9621.034483265279,9
Cloudy,2345.824183361385,10
Rainy,1929.0666257197372,24
Rainy,6635.492116082619,21
Snowy,9648.147429081966,16
Sunny,8191.544878732887,13
Cloudy,4028.008813730871,76
Snowy,6734.989384992383,20
Rainy,846.5213547149699,21
Sunny,9745.254085793913,4
Cloudy,9350.452346670338,84
Snowy,402.5251255580216,32
Cloudy,2101.295892980245,21
Sunny,451.8350478696783,28
Sunny,1916.9358210092228,22
Rainy,6427.973278542414,39
Sunny,1874.728828440014,19
Snowy,609.1338493299455,22
Cloudy,1478.298719896637,28
Sunny,9436.785734654259,6
Sunny,5040.433971130401,78
Snowy,3305.8480928154513,26
Cloudy,957.3284406356659,57
Cloudy,9697.52524954556,11
Rainy,5901.278448827169,33
Rainy,1885.4190797161627,27
Cloudy,443.1087540765726,10
Snowy,381.63488360080873,28
Snowy,1018.6109430954294,36
Rainy,4970.222590041791,19
Sunny,7824.7746571281805,29
Snowy,2880.0,22
Sunny,6708.750490875322,59
Snowy,3153.86697785275,62
Cloudy,6501.575746895878,100
Rainy,6579.855697664949,34
Sunny,1209.8370945019144,12
Sunny,1688.8246563171197,10
Cloudy,4320.0,4
Snowy,786.1858361113301,33
Sunny,2808.1840253439073,28
Snowy,4046.0206870581974,106
Cloudy,9435.477389498865,12
Rainy,3423.010973172463,112
Sunny,6770.564134789432,28
Snowy,3249.5233681063914,21
Sunny,6651.488796968239,7
Snowy,5221.969257299986,17
Snowy,8301.675566699596,31
Snowy,4320.0,30
Cloudy,5181.269748184356,12
Rainy,4856.7730947453,80
Sunny,3590.7932476108817,73
Rainy,83.13267423991738,33
Snowy,469.90327280793906,34
Snowy,572.6583222792826,25
Rainy,7731.3281767435465,74
Rainy,2214.8477539321398,31
Sunny,1863.9288243424078,25
Snowy,6883.5710402368095,106
Rainy,2160.074543370551,133
Cloudy,3596.6518843900985,108
Snowy,601.9579020553496,17
Snowy,9415.868646189232,18
Sunny,8217.03537528035,7
Cloudy,7607.8331223440755,19
Sunny,3363.0780639329078,7
Cloudy,6370.6586296404,20
Sunny,235.4864675496426,12
Cloudy,425.0671705002608,18
Cloudy,548.5604855239228,138
Cloudy,5354.780105056582,11
Rainy,3694.522078440693,25
Snowy,3669.692368092316,16
Cloudy,1026.32326638047,10
Rainy,3550.546156176217,26
Rainy,6620.5673459744,35
Sunny,3562.8401689443012,16
Snowy,6575.5304457838665,30
Snowy,1950.2068832598304,99
Sunny,5760.0,27
Snowy,4991.65950161293,10
Sunny,2672.1893289959785,7
Rainy,2493.437544806973,34
Rainy,5387.543094452822,20
Cloudy,6925.007059850239,108
Sunny,3631.9167327461173,19
Rainy,2231.0336546660146,33
Rainy,7697.6453176436335,23
Sunny,6366.213771830262,12
Rainy,3821.677613917611,27
Snowy,4033.3983973807735,104
Rainy,2109.79934075484,27
Sunny,4877.931864653492,42
Snowy,2160.1900651883752,127
Snowy,9576.43442961448,20
Rainy,3080.2122661919248,21
Cloudy,2880.0,7
Snowy,4841.80673418303,197
Sunny,7480.543526670903,9
Cloudy,6297.069528846968,96
Cloudy,3546.7990852257103,21
Snowy,6316.830572751715,156
Rainy,5562.888312409468,25
Cloudy,3717.6281152568354,13
Rainy,828.1707694598982,26
Snowy,3823.9945718556246,20
Sunny,1750.020077598923,19
Cloudy,8294.080243471297,20
Sunny,2132.7248568472346,115
Rainy,9601.373022206837,21
Rainy,3214.131396105544,30
Sunny,4480.646844234217,15
Snowy,3894.4402768890104,19
Snowy,855.507429395106,19
Cloudy,1835.2614404312963,18
Cloudy,406.92129074111,9
Snowy,5445.156522389317,47
Snowy,3171.811718567762,15
Sunny,7071.362263172146,15
Rainy,1835.7765355267672,20
Rainy,949.8210932190179,30
Cloudy,3481.697348730366,19
Snowy,8137.147475189644,33
Sunny,6284.118959238891,118
Cloudy,3541.394553813974,20
Sunny,3614.7309031424597,132
Snowy,359.2125159186698,23
Snowy,9626.696764351245,23
Snowy,6295.243116070229,99
Rainy,2077.7040304775933,20
Snowy,4682.034225140936,13
Cloudy,0.0,22
Rainy,9291.23000546394,26
Sunny,1440.0,27
Cloudy,5322.457543643289,14
Cloudy,2153.066263295618,94
Sunny,6385.359301485024,25
Rainy,6488.087721412337,120
Cloudy,6676.962881463076,13
Cloudy,4614.907386488816,9
Cloudy,8321.155810080794,183
Rainy,977.5372735588478,32
Rainy,2418.5468612548566,38
Rainy,2317.8512659715016,22
Cloudy,9367.061996769837,67
Snowy,2402.2300449480554,40
Sunny,6693.053088146896,24
Snowy,6352.545344061231,18
Rainy,1953.5033617571157,110
Cloudy,2196.6682662943153,22
Cloudy,2717.6472545382676,25
Snowy,3153.921452764596,31
Snowy,1631.6909043291216,30
Sunny,779.313902845146,10
Cloudy,7938.319572668166,87
Snowy,9422.402999173348,16
Sunny,2247.82315124706,28
Rainy,2079.6471883314703,32
Snowy,1256.3508378967495,25
Rainy,5903.674567748454,40
Sunny,6181.741071079112,10
Rainy,682.8282863463429,23
Cloudy,128.45202798449975,28
Cloudy,6416.692414404454,12
Rainy,5638.129259662086,17
Cloudy,727.5191357865463,109
Sunny,5123.052326058726,9
Cloudy,1706.340684537871,25
Rainy,1938.1098931057882,35
Rainy,6344.929303083382,22
Rainy,6365.622565167756,27
Snowy,4061.391766201357,26
Rainy,8120.768781861045,18
Sunny,3199.8751355026684,9
Cloudy,6568.741720235522,21
Cloudy,3779.359829458843,8
Snowy,8330.453653867657,96
Snowy,8488.994647164614,16
Sunny,354.5660909419673,18
Rainy,7628.091295964278,26
Snowy,6027.271970790738,17
Cloudy,6395.7528507214865,7
Snowy,2327.8890148006803,26
Snowy,6835.440425972077,33
Rainy,7892.657631488692,120
Snowy,2044.8548916282562,42
Sunny,9414.632877209546,10
Cloudy,419.3485554131917,10
Rainy,1440.0,30
Cloudy,3021.242030237499,9
Sunny,5106.506608402461,7
Sunny,5760.0,15
Snowy,722.4479440415992,137
Snowy,9291.585947399462,16
Snowy,591.3196477882462,17
Cloudy,655.0589945655332,25
Sunny,1214.2254508835508,18
Rainy,4320.0,25
Snowy,8472.036132466677,29
Cloudy,5967.375425117948,16
Snowy,6384.00516147561,13
Sunny,565.4720086924817,126
Rainy,3811.879177117459,44
Sunny,3024.675233321851,7
Cloudy,3766.3821597894994,21
Snowy,1440.0,35
Sunny,5989.257358346588,12
Cloudy,3668.2942203397424,18
Snowy,6241.686415993221,30
Rainy,3753.319394229493,17
Sunny,726.8931998696708,174
Snowy,4809.064712744049,21
Snowy,895.6340225535866,27
Snowy,8569.565319523228,17
Snowy,4971.274634978173,25
Sunny,979.1128591733454,28
Snowy,8894.421735166381,18
Cloudy,3255.682904345517,18
Sunny,890.0662600369359,24
Snowy,5574.281770272947,18
Sunny,2288.0208055628377,24
Cloudy,6367.299109011665,9
Cloudy,6479.744905952408,111
Sunny,8909.853215770901,6
Snowy,3817.625517487932,32
Snowy,3917.6399024364273,23
Cloudy,6317.247480180091,88
Snowy,550.7848268065795,132
Cloudy,3695.7161626747375,8
Snowy,3442.7808950253857,102
Cloudy,696.192258734704,159
Rainy,4320.0,30
Snowy,7831.070747731441,19
Snowy,7790.99754527236,34
Snowy,486.88494997134273,37
Sunny,987.9091097399772,13
Snowy,2094.759297641483,26
Sunny,7686.225706204286,10
Sunny,1195.6694516182843,9
Cloudy,6991.057081624909,21
Sunny,503.84751633406614,22
Sunny,4368.045617510178,8
Rainy,2522.704928341292,15
Snowy,6233.533262726399,36
Sunny,2444.6252156985965,13
Snowy,4330.762625623739,23
Sunny,2481.3350417877514,21
Cloudy,6043.978105458918,27
Rainy,8183.075082863948,25
Sunny,725.1383044211162,162
Snowy,7576.581809017208,23
Cloudy,4893.466927346359,5
Snowy,967.0746445044123,22
Cloudy,3638.1220031214843,9
Rainy,930.3886729700944,37
Cloudy,7191.518610425575,7
Snowy,5916.873019784021,19
Snowy,1302.1965269887046,21
Sunny,3637.568137508357,14
Cloudy,6156.4377426036735,12
Snowy,7441.087094733964,17
Sunny,3531.916659320268,6
Rainy,9691.794040292805,23
Snowy,3554.0823166640876,24
Sunny,2704.015774889045,15
Snowy,5957.576751581439,36
Cloudy,3595.6479787754206,138
Sunny,3149.138360011277,22
Cloudy,3730.9074777449887,13
Rainy,6799.279460435028,18
Cloudy,6328.52575427482,94
Sunny,2880.0,7
Snowy,2231.621332846738,25
Sunny,3757.2258786240636,10
Cloudy,5185.546111786211,8
Cloudy,2604.8815890559754,60
Snowy,6094.4206753263425,29
Rainy,3844.877797962162,28
Sunny,2589.302704492071,84
Snowy,79.70846975765392,23
Snowy,2275.0746573308315,26
Snowy,7738.495260837239,103
Sunny,2130.6518376834074,156
Sunny,845.1635340738011,28
Sunny,3424.597716919121,103
Rainy,1916.7450915018198,24
Snowy,732.2948702956888,176
Cloudy,1768.591462009391,15
Cloudy,3209.1029536013334,6
Snowy,5284.574381864341,26
Cloudy,1746.4341473428838,30
Rainy,3839.872500327316,29
Rainy,9526.532865427422,16
Sunny,1538.7095776353851,10
Sunny,1916.0767251591642,27
Sunny,2589.879385097054,73
Sunny,3246.780408789715,8
Sunny,6312.81446556862,96
Cloudy,2326.3419215706826,18
Cloudy,6762.020583341735,7
Sunny,629.4460010239816,28
Rainy,3384.896329911009,32
Cloudy,6992.053150211463,24
Rainy,2786.0038789671285,32
Rainy,5392.388898281446,20
Snowy,2190.7145313234087,28
Snowy,6189.0243402092665,32
Sunny,421.0400136396365,22
Rainy,8108.105077895672,18
Cloudy,870.6233595199261,10
Snowy,8424.575493460714,31
Snowy,2394.1620333130104,33
Rainy,5938.891091366466,33
Snowy,2538.7011423802505,12
Snowy,7560.698174166811,30
Cloudy,581.7703420971534,18
Rainy,810.0720742506101,32
Snowy,4318.440296322227,21
Rainy,1440.0,31
Snowy,938.4203012890258,32
Cloudy,7854.04921726066,16
Rainy,9552.422033452998,18
Snowy,2479.555953314581,19
Cloudy,7804.559654799411,22
Snowy,4246.276088128436,21
Rainy,2242.8254733089047,85
Snowy,6659.187512072902,27
Rainy,6719.732730739606,31
Rainy,9511.771179821204,21
Snowy,2462.0185801690604,34
Cloudy,6257.788852843108,27
Sunny,519.011368579429,114
Cloudy,323.94447613018986,10
Cloudy,878.2204430232815,15
Snowy,9640.41714126436,24
Cloudy,6644.798231814679,27
Cloudy,7082.817276005113,27
Sunny,3597.985433221543,133
Cloudy,2400.7469960133044,18
Sunny,326.9876845898468,22
Snowy,2020.6441071092156,18
Sunny,2410.39359272368,28
Rainy,6785.676759867532,32
Rainy,3494.1718988408943,24
Sunny,694.2242693310959,154
Rainy,173.56545119490863,38
Snowy,591.4694877096206,41
Rainy,3920.537938867123,25
Sunny,8127.0738057983635,8
Snowy,5220.239659697236,24
Rainy,6497.918527385145,187
Snowy,3602.5427371061432,121
Sunny,1922.284389789559,22
Rainy,971.5782312729125,42
Snowy,8071.55025998018,26
Snowy,6657.126785277408,52
Rainy,530.6274566396711,106
Snowy,2880.0,20
Snowy,3994.9749762313304,107
Sunny,4867.618515836974,40
Sunny,7609.400724944477,20
Sunny,5289.652408289037,12
Sunny,3458.875449629113,12
Sunny,1101.5770982567838,23
Sunny,942.1221418476111,27
Rainy,966.084956352172,20
Sunny,228.25594396780764,22
Snowy,6916.299834739104,107
Rainy,6574.050191244189,25
Snowy,587.0602298713668,35
Sunny,6531.61984824321,21
Sunny,80.55531615660482,15
Snowy,2307.1150121330415,15
Snowy,1789.4262570544543,23
Snowy,1673.0386970963277,26
Cloudy,1611.950692961559,19
Cloudy,4000.5678149963733,106
Cloudy,3373.465178270596,9
Cloudy,9912.141975569939,11
Rainy,527.1114733011727,119
Sunny,105.35113526653913,21
Snowy,318.0512016184827,28
Sunny,5484.892183202498,33
Snowy,663.8766559427997,57
Sunny,6282.6165732633835,132
Rainy,3657.6065613070036,31
Cloudy,3780.641785020316,21
Sunny,5442.263573724886,45
Snowy,1241.4597227614536,37
Sunny,590.4832875159291,40
Rainy,1682.6228330104664,20
Rainy,4891.152541995621,21
Sunny,2253.700982369839,16
Cloudy,373.0467865641801,28
Snowy,9015.425670637784,13
Rainy,843.7636373579587,14
Rainy,6462.485153434638,102
Sunny,6491.806918348171,102
Rainy,1886.941679507975,23
Rainy,637.0557428859238,38
Snowy,387.27606806341043,30
Cloudy,6800.471428004923,21
Snowy,5412.689760500551,19
Cloudy,5815.372369594286,35
Snowy,7585.376090330732,30
Sunny,5941.249468167572,13
Rainy,485.99138361351663,29
Cloudy,2129.96233087547,18
Sunny,5958.127720908529,21
Rainy,1828.1304672748872,40
Rainy,358.5753460506605,37
Rainy,6554.61623858362,33
Snowy,3624.96396133305,148
Sunny,7660.174480798589,7
Sunny,6543.655513970183,27
Rainy,523.1951695485844,91
Cloudy,7822.204160282621,16
Sunny,2762.4427525074734,28
Snowy,2642.5659786445253,61
Cloudy,3132.1507547060646,12
Cloudy,1018.7036704365028,24
Cloudy,3892.1027596169733,9
Cloudy,306.6252160490574,24
Sunny,3894.75995175175,20
Rainy,2713.655490628519,31
Cloudy,6075.883869752011,25
Snowy,6149.698984434865,20
Snowy,1086.3581280636608,20
Rainy,2257.7383118972334,35
Sunny,2358.531459086228,10
Rainy,842.6121179041788,30
Cloudy,6620.650531534132,27
Sunny,6002.47003380801,10
Sunny,1097.0343743837213,7
Cloudy,2581.0523972739984,78
Snowy,637.41933213551,39
Cloudy,5024.34829806701,65
Rainy,168.80129907994,35
Cloudy,9545.131712166421,4
Snowy,6685.9406790170915,39
Cloudy,2137.611233880248,166
Rainy,5444.767209553381,56
Rainy,7799.7321968472215,24
Snowy,5243.258133321696,15
Rainy,352.9208380708384,23
Rainy,2151.521225685274,101
Cloudy,6417.2324671549795,22
Sunny,5121.110851934739,8
Rainy,6346.9703056199905,23
Rainy,7872.6698655581995,35
Snowy,8217.376981718942,20
Snowy,7762.7648745942415,95
Cloudy,141.63224373407547,48
Cloudy,4229.850205513952,16
Rainy,6977.3234683285755,34
Sunny,6014.785429761977,15
Sunny,5288.29480988827,6
Cloudy,538.9290826015165,133
Snowy,6574.855397519182,35
Rainy,6585.920686444858,35
Rainy,635.6131918861241,36
Sunny,3317.8443603888973,18
Cloudy,471.4052211661466,25
Sunny,1830.1709104267527,27
Sunny,420.5440050370399,15
Cloudy,3575.815815582232,93
Snowy,3342.3264039201295,20
Rainy,5285.538743656543,38
Snowy,7015.408615920934,35
Cloudy,6271.180833106784,106
Cloudy,2246.1856201927358,24
Rainy,899.8866397090562,41
Snowy,8089.920817530939,22
Rainy,747.3438964497915,98
Sunny,9627.3656706095,15
Sunny,6653.609622965037,10
Sunny,3154.4415279621726,13
Snowy,9672.896183180139,19
Sunny,1039.4247014160271,21
Rainy,1885.2170024957106,21
Snowy,5053.657620761137,72
Rainy,2405.998437411985,35
Cloudy,7844.64702495143,19
Snowy,1106.2720971957642,17
Rainy,4320.0,21
Rainy,4757.045028251407,24
Snowy,5982.823942864641,24
Cloudy,2269.374694417755,43
Snowy,2419.762501845412,14
Sunny,6396.888105415883,21
Sunny,1243.1738387955725,16
Cloudy,5998.101912099631,13
Rainy,5289.45070429138,18
Rainy,6261.8901045267985,14
Rainy,7098.976046234627,13
Snowy,2877.305527140523,37
Snowy,4764.003628397994,18
Cloudy,7722.1594310729115,61
Sunny,3909.4516393127287,18
Rainy,9220.632966075775,18
Sunny,3583.651961544394,135
Snowy,729.1398313952677,177
Snowy,1468.9176637688438,32
Snowy,9355.018411406074,101
Sunny,1911.6980013368975,15
Cloudy,7742.475783936082,96
Cloudy,8439.707521248773,14
Snowy,1707.6575180594677,23
Rainy,1012.7538672292718,19
Sunny,6379.573345080549,27
Snowy,2059.2863393414996,30
Sunny,6764.533882578617,18
Sunny,3722.4184660448004,22
Cloudy,3805.420678999031,16
Snowy,6828.54647779183,30
Cloudy,2040.7289820540038,24
Snowy,3379.59477557721,29
Sunny,1769.3458104391927,25
Cloudy,1862.8522092075762,12
Sunny,4320.0,21
Snowy,6928.084649065243,82
Rainy,1673.6132281651123,38
Cloudy,3123.9151355723147,7
Cloudy,6653.471782218657,18
Sunny,2357.015327056068,32
Sunny,2357.598180714251,25
Rainy,7828.215914320669,27
Cloudy,6434.836466398956,13
Snowy,5158.0366286973685,20
Snowy,5070.921482265599,14
Cloudy,0.0,27
Cloudy,4957.27213299293,14
Cloudy,3293.4936836662873,30
Rainy,3663.076110807064,28
Snowy,2880.0,26
Snowy,852.2933995707496,31
Sunny,607.1293129779367,16
Sunny,9691.848540711811,4
Cloudy,3773.7676393953166,15
Sunny,3751.234016562663,18
Rainy,938.4662135576416,39
Snowy,1440.0,23
Snowy,6072.880163282671,20
Sunny,3770.5075476521233,14
Cloudy,3266.502793206646,13
Sunny,2359.9845526832096,21
Cloudy,6149.272855865006,25
Rainy,569.7479471021696,106
Snowy,613.7676308743537,27
Rainy,3951.2940189640954,30
Snowy,2490.643599819269,33
Rainy,1711.5417444793015,25
Sunny,5059.776279959946,74
Rainy,6224.551252290298,18
Rainy,6026.938232156879,34
Sunny,3521.8738618472266,9
Snowy,608.9461961559049,36
Snowy,2880.0,25
Sunny,9515.86553712985,12
Rainy,4544.057699728474,18
Rainy,6276.681358498461,229
Rainy,1087.6979863545835,39
Cloudy,4320.0,14
Snowy,149.04600759433504,24
Rainy,4363.227221349944,23
Snowy,8593.547463133842,21
Rainy,9500.261103853525,17
Sunny,3287.414616524508,6
Sunny,3792.466471004077,7
Snowy,7200.0,21
Snowy,6481.215182374978,191
Sunny,838.0156222235107,22
Cloudy,3932.737250233619,7
Sunny,1794.9974571746864,16
Rainy,3630.8473781052094,13
Cloudy,3266.847134618549,15
Sunny,5131.938152042754,4
Cloudy,1837.6753239493114,58
Cloudy,573.0836979023206,28
Cloudy,3241.5064578755173,9
Snowy,6714.409047056517,27
Sunny,6789.042401996399,28
Snowy,2075.5365948153312,20
Snowy,7933.76567818561,150
Rainy,7398.507090731924,19
Rainy,2052.116406717557,28
Cloudy,701.9263378649719,168
Cloudy,7200.0,13
Rainy,6079.691870721301,19
Rainy,9887.103805950877,10
Sunny,8278.869158447691,10
Cloudy,5141.029105616449,12
Cloudy,4233.103374310248,22
Rainy,853.9579701384706,34
Sunny,2300.0973104404543,28
Rainy,3580.8765649136835,101
Rainy,5480.484797670706,73
Snowy,5434.728924171918,61
Cloudy,6254.756176501363,25
Sunny,1685.0710099444436,21
Snowy,4966.926970537564,22
Cloudy,431.9861168168473,18
Rainy,3577.131153138472,106
Sunny,6925.47772848629,97
Cloudy,6315.371404168755,228
Rainy,9344.583582727833,87
Snowy,2180.8881845310225,159
Sunny,3905.4351175939028,9
Cloudy,1440.0,18
Snowy,3381.587893884493,19
Rainy,7996.062129220611,28
Rainy,6912.02842431367,117
Cloudy,7742.915118897767,88
Rainy,1484.4410258249254,40
Sunny,8143.096120547809,13
Cloudy,491.2695400227734,12
Snowy,7491.72000272747,15
Cloudy,1935.2356597032394,10
Cloudy,2093.570871243894,69
Snowy,3382.2919207662435,26
Rainy,7200.0,26
Snowy,1042.9438308793676,28
Sunny,2618.9550148603403,16
Rainy,8154.547916882222,16
Cloudy,1750.433158647066,16
Rainy,647.4630477788935,29
Rainy,3597.652326517395,99
Sunny,2375.565980242288,9
Rainy,8160.602575938509,23
Rainy,6215.6974324397415,15
Rainy,3629.5184003088816,121
Cloudy,9524.620945661487,8
Rainy,4124.096035972836,15
Snowy,973.6223543369003,26
Rainy,2444.0604074551866,40
Sunny,3630.17758605457,8
Rainy,1227.7652922732614,31
Rainy,8067.514606545419,30
Cloudy,6170.008352337514,25
Snowy,2665.213189245069,20
Rainy,5291.24517811405,12
Snowy,6320.504152393746,104
Sunny,7747.3825317362725,102
Cloudy,8026.767196250674,22
Snowy,3766.7465262963306,18
Cloudy,6551.0252156272345,9
Rainy,5152.071122439438,13
Sunny,5651.984654847497,11
Cloudy,1105.755534804559,9
Rainy,788.6288128554088,24
Snowy,3938.871809076294,29
Sunny,1788.2913947300858,7
Sunny,863.2537379808512,10
Snowy,7131.35028590392,19
Snowy,641.5034776587454,20
Sunny,4734.851785697129,12
Cloudy,3365.2480001064982,19
Sunny,8967.73210655674,26
Snowy,3317.4857130740265,25
Cloudy,586.6170845075895,13
Rainy,4533.995873095689,17
Sunny,6485.622600221857,115
Snowy,9684.819782563192,20
Rainy,3273.207775147109,15
Sunny,2706.942212511037,22
Sunny,8103.885151869934,19
Cloudy,1091.0090108246607,22
Snowy,4803.179560613231,12
Rainy,3907.6290817439817,20
Sunny,326.9037958576873,12
Cloudy,2480.489100301143,9
Rainy,2221.8621623256713,25
Rainy,6679.170439194522,71
Sunny,7496.785941975053,21
Rainy,1837.7748567804224,41
Sunny,6695.002158571218,12
Cloudy,378.59471847928774,22
Cloudy,3766.754265155684,20
Rainy,227.8303896743115,15
Sunny,8225.34271656,14
Snowy,6036.291606683337,20
Cloudy,6678.827977564628,28
Sunny,6705.22713611256,13
Sunny,4789.162145365353,4
Sunny,9569.529564150502,12
Rainy,6573.75921480008,31
Snowy,7726.016931770614,89
Rainy,3236.920313732565,18
Cloudy,13.454750997871542,24
Rainy,3725.8740170278897,27
Sunny,156.67100230966014,12
Rainy,5074.3239117988705,22
Sunny,3505.15864221039,40
Snowy,5284.4913991577505,28
Rainy,611.2636201836489,42
Rainy,601.3987969150471,26
Rainy,3863.4734535437865,27
Sunny,9480.620890470282,12
Sunny,2273.8161445858004,28
Rainy,3768.9363323310695,28
Rainy,5927.1940356454415,30
Snowy,5312.443924795313,18
Snowy,2380.488765844897,16
Cloudy,3233.994073712461,16
Snowy,2072.1310294772875,31
Snowy,9345.849376454053,84
Snowy,671.5811576153762,27
Sunny,2280.1895879646727,7
Snowy,1235.292041459226,26
Snowy,2549.4360219622185,27
Rainy,6007.601090364694,30
Sunny,2383.9451965101775,18
Cloudy,1198.4159950327476,26
Cloudy,3739.2510674481127,6
Snowy,1112.752953066948,105
Cloudy,1440.0,24
Cloudy,6848.535436598513,19
Cloudy,6569.7510944310225,9
Snowy,8296.23185067051,13
Cloudy,7972.159619914881,20
Snowy,6488.605095582584,135
Rainy,593.4908751430563,37
Rainy,7042.828809179558,26
Cloudy,6185.365680260879,24
Rainy,7031.652380884121,42
Snowy,3779.951084546534,17
Rainy,1656.249777071301,36
Cloudy,6612.353745476912,28
Snowy,5760.0,27
Sunny,9585.182886059172,12
Snowy,1038.6833338760368,22
Rainy,1946.7518559652608,38
Sunny,2204.47717054401,19
Snowy,7183.496676150104,35
Sunny,537.9311864657028,118
Sunny,338.79326865962383,7
Sunny,9893.398824886535,9
Snowy,1426.5313885910862,18
Rainy,6481.330441865225,145
Snowy,2524.1266927470083,33
Rainy,6962.931329591117,22
Snowy,4772.705676286182,27
Snowy,7745.289899267567,94
Snowy,8363.114824735705,102
Rainy,1326.6051403350634,37
Snowy,922.6371096627677,20
Sunny,1843.2668327392605,25
Snowy,7195.342000211798,36
Sunny,7728.850476787693,109
Cloudy,3479.3503987782774,19
Cloudy,5163.241620416264,9
Rainy,1279.4977514573188,28
Rainy,6787.4313515588,16
Cloudy,9509.351580130287,11
Snowy,2326.7838708425184,34
Snowy,3615.665280711648,95
Snowy,920.9302252266623,22
Cloudy,4320.0,4
Sunny,3493.2213147348725,16
Rainy,806.8758965700412,22
Sunny,3185.6349298969776,19
Cloudy,2299.076394412162,25
Sunny,3526.390360444996,7
Snowy,5671.9712513935765,18
Snowy,1286.2871010773483,33
Sunny,6312.309995117461,99
Cloudy,6425.69842383599,10
Sunny,2133.378876380979,124
Snowy,557.4025885825358,159
Snowy,6550.208994250126,20
Cloudy,9087.018455200468,7
Sunny,1752.9784794224906,13
Snowy,2384.1760406040967,34
Snowy,946.6306503198518,23
Sunny,4750.446326522403,15
Sunny,1042.3279550745358,9
Rainy,1932.6320175004807,21
Cloudy,6571.139485693673,9
Cloudy,5335.323844540484,16
Sunny,2147.8994767066633,106
Cloudy,3763.7067283708084,16
Snowy,4854.085328200474,72
Sunny,649.272029965885,21
Sunny,645.8906048830775,10
Sunny,7651.231795245514,8
Rainy,656.3613012783185,36
Cloudy,5922.497412409051,21
Rainy,7743.184651028842,88
Snowy,2057.4448223869185,28
Cloudy,2067.775289101663,28
Rainy,4953.060919486519,19
Sunny,7897.764888050354,135
Rainy,8092.598946510983,14
Sunny,6794.826146687708,16
Rainy,486.08451833462385,12
Rainy,6046.847692059908,34
Rainy,3224.8640115924827,15
Sunny,3424.606948369826,73
Rainy,593.3083255860568,18
Cloudy,442.80141616891535,10
Cloudy,6013.398000870038,13
Cloudy,3435.7965021092923,84
Sunny,2225.31358324103,10
Sunny,2374.2106077008034,16
Cloudy,7719.327700881005,72
Cloudy,6331.320784028364,13
Cloudy,1826.3886088149682,19
Snowy,708.6818986650804,144
Cloudy,1854.5656916913067,27
Rainy,8126.326012766832,20
Snowy,4397.08806290372,22
Snowy,3470.5333179171134,23
Sunny,5148.398642109027,11
Rainy,2226.1804258761017,59
Sunny,7200.0,28
Sunny,3725.9280088444466,12
Rainy,358.5403451368763,30
Sunny,685.6328710479337,7
Rainy,2960.5513199520774,28
Rainy,7890.984090253166,122
Sunny,1860.0998194797269,24
Cloudy,8249.54049920166,14
Sunny,6282.165501145608,145
Snowy,2117.9642703137115,36
Sunny,491.1991770944148,25
Rainy,1345.9864866671992,30
Snowy,6364.352604197552,16
Rainy,1379.7205356525128,30
Cloudy,2453.094634362576,9
Cloudy,3773.544021840739,19
Snowy,6612.743933034307,23
Cloudy,861.7670273578506,18
Cloudy,2906.03787143558,43
Sunny,3499.6019781057275,8
Sunny,3904.2568696263556,18
Cloudy,6462.397013949322,284
Cloudy,214.13165515071296,19
Sunny,6461.1343977921115,94
Cloudy,7093.477985851977,13
Cloudy,5488.881017592499,69
Rainy,6457.678556628229,233
Cloudy,3942.5217397409115,20
Snowy,588.0574726675013,30
Rainy,5866.606228742381,40
Snowy,3267.1922442733603,26
Cloudy,5602.639956662952,8
Sunny,2061.3624905414504,18
Rainy,7832.381767424993,28
Sunny,4932.058249341043,4
Rainy,1405.4891722462826,18
Sunny,4185.345209530343,20
Rainy,7200.0,20
Rainy,6422.743724255982,26
Snowy,3706.4248159489543,13
Sunny,7374.008682208515,18
Snowy,2691.696393402579,25
Snowy,3179.5993615435436,13
Sunny,7998.039202954546,10
Rainy,7524.971090052176,26
Snowy,6268.00794237407,35
Sunny,7618.585524822108,44
Rainy,501.16490615670557,14
Snowy,7725.915826866368,75
Snowy,1962.6232338269722,110
Snowy,1020.0002082409105,15
Rainy,1762.2493944974926,33
Snowy,3679.394913724992,26
Rainy,2598.465294830001,106
Cloudy,1975.2493087751775,121
Snowy,461.54919933086336,23
Cloudy,2077.0111349351096,16
Sunny,5464.701075009856,42
Snowy,3669.878747143209,30
Sunny,1968.7628539412644,96
Sunny,6654.195594427694,28
Sunny,7523.174826058887,9
Cloudy,6725.289423759461,21
Rainy,2307.098630772636,28
Cloudy,6369.188950390002,21
Cloudy,418.10911255899686,22
Sunny,400.7948679779554,18
Snowy,2352.534241084528,92
Rainy,6922.432980896063,85
Sunny,1930.5692110696339,25
Rainy,885.0192132785344,20
Cloudy,0.0,21
Rainy,7709.537616963408,24
Rainy,5028.818784166475,78
Snowy,1832.5139698865398,36
Sunny,4702.857705075746,13
Rainy,3359.599359671201,26
Rainy,6585.1893821974945,23
Cloudy,2092.561553373705,24
Cloudy,7200.0,8
Rainy,1440.0,24
Sunny,6261.528535971417,19
Rainy,884.7671709792787,24
Rainy,1440.0,28
Snowy,1980.097136585413,143
Sunny,3410.5507716537286,93
Snowy,1219.8016001550413,22
Sunny,6341.392147783369,28
Sunny,2297.876034506734,15
Sunny,6530.852570431487,16
Snowy,5760.0,37
Snowy,5316.554597987426,14
Snowy,6557.542741964264,25
Cloudy,6662.976710282852,27
Snowy,2880.0,39
Cloudy,5760.0,9
Cloudy,2780.890793913999,21
Cloudy,4936.518893015872,13
Rainy,6583.438405585083,22
Rainy,2143.6155916915527,135
Rainy,2007.2749199767043,87
Cloudy,3394.8601458340468,111
Cloudy,6598.623144806284,28
Sunny,7373.817469198196,7
Cloudy,3870.2085003078355,9
Rainy,6330.170014241308,16
Cloudy,7513.175037945472,9
Cloudy,557.9953711215071,75
Sunny,2612.5737180705264,28
Cloudy,6287.27936867416,112
Snowy,6609.043302555463,32
Sunny,7656.85574074243,47
Cloudy,3872.851865972503,19
Cloudy,966.7827859644735,7
Sunny,4265.4991799867075,14
Cloudy,2096.7969796202824,10
Rainy,2400.7157297128465,30
Snowy,6515.30431423402,25
Snowy,1186.5138414706853,26
Rainy,6221.220340460857,21
Cloudy,3868.201912635821,10
Cloudy,4969.9089733979945,11
Snowy,696.8922562409408,118
Cloudy,2193.030894401414,12
Snowy,810.8065427136039,22
Snowy,9318.157544476095,23
Rainy,6557.296745941389,16
Snowy,4168.122500722387,18
Cloudy,2514.7618868214786,16
Cloudy,8232.895653298883,13
Sunny,1996.0057706314064,99
Cloudy,399.87330183780324,25
Sunny,5383.908200965591,4
Snowy,8235.376845310726,33
Cloudy,1250.1614432703536,9
Rainy,1942.5669746510773,37
Rainy,7837.362484070275,19
Rainy,129.78570149084373,25
Snowy,578.7104018180858,34
Snowy,5398.765383808601,19
Sunny,7752.061663477849,110
Rainy,3830.5727262722967,28
Sunny,9291.418881840787,28
Sunny,6596.660530159762,21
Cloudy,306.83109966635976,12
Cloudy,9390.675401868204,10
Rainy,2880.0,15
Snowy,2092.7173830616857,19
Cloudy,4453.029632262549,7
Snowy,2594.1580259568536,90
Sunny,999.8666469952241,10
Sunny,888.0015535077891,19
Sunny,4147.562241777377,14
Sunny,6138.3900525030585,16
Rainy,5669.050751249601,22
Sunny,9695.588963133738,10
Cloudy,2074.8400966011795,28
Sunny,2568.8232529858597,96
Snowy,321.73433553181167,61
Cloudy,423.17490185003754,22
Snowy,1940.9076996337078,30
Snowy,6289.568025096954,96
Rainy,7539.639248606309,21
Rainy,9800.309904154317,133
Snowy,2066.8124158668606,28
Snowy,8046.901788608477,23
Sunny,1954.673508091075,127
Cloudy,64.5828118025338,27
Sunny,8017.220649020912,14
Rainy,4351.588208848881,14
Rainy,695.2917434092313,129
Sunny,3107.406586020188,9
Cloudy,2875.419359723091,10
Snowy,6808.0905799829,67
Sunny,3638.071364857733,15
Rainy,9814.93440395568,24
Cloudy,415.3262481123351,27
Rainy,2355.6525763212335,24
Cloudy,3671.931756138737,6
Cloudy,3695.0472292801214,18
Cloudy,2618.0472600384364,10
Sunny,6743.697157000729,16
Sunny,8023.940518617008,8
Sunny,7324.2405229578135,9
Cloudy,6134.383333699393,22
Cloudy,7875.824783905539,22
Rainy,5073.614054739594,17
Snowy,6073.126659117387,18
Sunny,2880.0,21
Cloudy,2705.901859891286,15
Rainy,2376.762595341294,26
Rainy,3625.933270062148,154
Rainy,2083.6047708355854,23
Sunny,9017.309354391995,14
Sunny,2187.8929866667904,126
Snowy,812.7909144513902,23
Rainy,3152.966192826615,27
Sunny,840.3035102081631,28
Rainy,664.1067424230905,26
